complaint_id,created_at,closed_at,status,year,month,region,pea_office,contact_channel,voice_type_level1,topic_level2,issue_level3,subissue_level4,sla_status
MOCK-00001,2024-01-01,,รับเรื่อง,2024,1,ภาคเหนือ,กฟจ.เชียงใหม่,PEA Contact Center,ร้องเรียน,การให้บริการ,การติดต่อและติดตาม,การประสานงาน,เกินกำหนด
MOCK-00002,2024-01-02,,อยู่ระหว่างดำเนินการ,2024,1,ภาคตะวันออกเฉียงเหนือ,กฟจ.ขอนแก่น,PEA Contact Center,ร้องเรียน,การให้บริการ,การติดต่อและติดตาม,การประสานงาน,เกินกำหนด
MOCK-00003,2024-01-03,2024-01-07,ปิดคำร้อง,2024,1,ภาคกลาง,กฟจ.พระนครศรีอยุธยา,PEA Contact Center,ร้องเรียน,การให้บริการ,การติดต่อและติดตาม,การประสานงาน,ภายในกำหนด
MOCK-00004,2024-01-04,,รับเรื่อง,2024,1,ภาคใต้,กฟจ.สุราษฎร์ธานี,PEA Contact Center,ร้องเรียน,การให้บริการ,การติดต่อและติดตาม,การประสานงาน,ใกล้ครบกำหนด
MOCK-00005,2024-01-05,,อยู่ระหว่างดำเนินการ,2024,1,สำนักงานใหญ่,ศูนย์บริการสำนักงานใหญ่,PEA Contact Center,ร้องเรียน,การให้บริการ,การติดต่อและติดตาม,การประสานงาน,ใกล้ครบกำหนด
MOCK-00006,2024-01-06,2024-01-13,ปิดคำร้อง,2024,1,ภาคเหนือ,กฟจ.เชียงราย,PEA Contact Center,ข้อเสนอแนะ/ข้อคิดเห็น,พัฒนาบริการ,การติดต่อและติดตาม,การประสานงาน,ภายในกำหนด
MOCK-00007,2024-01-07,,รับเรื่อง,2024,1,ภาคตะวันออกเฉียงเหนือ,กฟจ.อุดรธานี,PEA Contact Center,ข้อเสนอแนะ/ข้อคิดเห็น,พัฒนาบริการ,การติดต่อและติดตาม,การประสานงาน,ภายในกำหนด
MOCK-00008,2024-01-08,,อยู่ระหว่างดำเนินการ,2024,1,ภาคกลาง,กฟจ.นครปฐม,PEA Smart Plus,ข้อเสนอแนะ/ข้อคิดเห็น,พัฒนาบริการ,การติดต่อและติดตาม,การประสานงาน,ภายในกำหนด
MOCK-00009,2024-01-09,2024-01-19,ปิดคำร้อง,2024,1,ภาคใต้,กฟจ.สงขลา,PEA Smart Plus,ข้อเสนอแนะ/ข้อคิดเห็น,พัฒนาบริการ,การติดต่อและติดตาม,การประสานงาน,ภายในกำหนด
MOCK-00010,2024-01-10,,รับเรื่อง,2024,1,สำนักงานใหญ่,ศูนย์ประสานงานสำนักงานใหญ่,PEA Smart Plus,ข้อเสนอแนะ/ข้อคิดเห็น,พัฒนาบริการ,การติดต่อและติดตาม,การประสานงาน,เกินกำหนด
MOCK-00011,2024-01-11,,อยู่ระหว่างดำเนินการ,2024,1,ภาคเหนือ,กฟจ.เชียงใหม่,PEA Smart Plus,แจ้งเหตุ,ไฟฟ้าขัดข้อง,การติดต่อและติดตาม,การประสานงาน,เกินกำหนด
MOCK-00012,2024-01-12,2024-01-25,ปิดคำร้อง,2024,1,ภาคตะวันออกเฉียงเหนือ,กฟจ.ขอนแก่น,PEA Smart Plus,แจ้งเหตุ,ไฟฟ้าขัดข้อง,การติดต่อและติดตาม,การประสานงาน,ภายในกำหนด
MOCK-00013,2024-01-13,,รับเรื่อง,2024,1,ภาคกลาง,กฟจ.พระนครศรีอยุธยา,PEA Smart Plus,แจ้งเหตุ,ไฟฟ้าขัดข้อง,การติดต่อและติดตาม,การประสานงาน,ใกล้ครบกำหนด
MOCK-00014,2024-01-14,,อยู่ระหว่างดำเนินการ,2024,1,ภาคใต้,กฟจ.สุราษฎร์ธานี,PEA Smart Plus,แจ้งเหตุ,ไฟฟ้าขัดข้อง,การติดต่อและติดตาม,การประสานงาน,ใกล้ครบกำหนด
MOCK-00015,2024-01-15,2024-01-31,ปิดคำร้อง,2024,1,สำนักงานใหญ่,ศูนย์บริการสำนักงานใหญ่,สำนักงานการไฟฟ้า,แจ้งเหตุ,ไฟฟ้าขัดข้อง,การติดต่อและติดตาม,การประสานงาน,ภายในกำหนด
MOCK-00016,2024-01-16,,รับเรื่อง,2024,1,ภาคเหนือ,กฟจ.เชียงราย,สำนักงานการไฟฟ้า,แจ้งเบาะแส,การใช้ไฟฟ้า,การติดต่อและติดตาม,การประสานงาน,ภายในกำหนด
MOCK-00017,2024-01-17,,อยู่ระหว่างดำเนินการ,2024,1,ภาคตะวันออกเฉียงเหนือ,กฟจ.อุดรธานี,สำนักงานการไฟฟ้า,แจ้งเบาะแส,การใช้ไฟฟ้า,การติดต่อและติดตาม,การประสานงาน,ภายในกำหนด
MOCK-00018,2024-01-18,2024-02-06,ปิดคำร้อง,2024,1,ภาคกลาง,กฟจ.นครปฐม,สำนักงานการไฟฟ้า,แจ้งเบาะแส,การใช้ไฟฟ้า,การติดต่อและติดตาม,การประสานงาน,ภายในกำหนด
MOCK-00019,2024-01-19,,รับเรื่อง,2024,1,ภาคใต้,กฟจ.สงขลา,สำนักงานการไฟฟ้า,แจ้งเบาะแส,การใช้ไฟฟ้า,การติดต่อและติดตาม,การประสานงาน,เกินกำหนด
MOCK-00020,2024-01-20,,อยู่ระหว่างดำเนินการ,2024,1,สำนักงานใหญ่,ศูนย์ประสานงานสำนักงานใหญ่,สำนักงานการไฟฟ้า,แจ้งเบาะแส,การใช้ไฟฟ้า,การติดต่อและติดตาม,การประสานงาน,เกินกำหนด
MOCK-00021,2024-02-01,2024-02-23,ปิดคำร้อง,2024,2,ภาคเหนือ,กฟจ.เชียงใหม่,สำนักงานการไฟฟ้า,ชื่นชม,พนักงานบริการ,การติดต่อและติดตาม,การประสานงาน,ภายในกำหนด
MOCK-00022,2024-02-02,,รับเรื่อง,2024,2,ภาคตะวันออกเฉียงเหนือ,กฟจ.ขอนแก่น,เว็บไซต์,ชื่นชม,พนักงานบริการ,การติดต่อและติดตาม,การประสานงาน,ใกล้ครบกำหนด
MOCK-00023,2024-02-03,,อยู่ระหว่างดำเนินการ,2024,2,ภาคกลาง,กฟจ.พระนครศรีอยุธยา,เว็บไซต์,ชื่นชม,พนักงานบริการ,การติดต่อและติดตาม,การประสานงาน,ใกล้ครบกำหนด
MOCK-00024,2024-02-04,2024-02-29,ปิดคำร้อง,2024,2,ภาคใต้,กฟจ.สุราษฎร์ธานี,เว็บไซต์,ชื่นชม,พนักงานบริการ,การติดต่อและติดตาม,การประสานงาน,ภายในกำหนด
MOCK-00025,2024-02-05,,รับเรื่อง,2024,2,สำนักงานใหญ่,ศูนย์บริการสำนักงานใหญ่,เว็บไซต์,ชื่นชม,พนักงานบริการ,การติดต่อและติดตาม,การประสานงาน,ภายในกำหนด
MOCK-00026,2024-02-06,,อยู่ระหว่างดำเนินการ,2024,2,ภาคเหนือ,กฟจ.เชียงราย,เว็บไซต์,ร้องเรียน,คุณภาพไฟฟ้า,การติดต่อและติดตาม,การประสานงาน,ภายในกำหนด
MOCK-00027,2024-02-07,2024-03-06,ปิดคำร้อง,2024,2,ภาคตะวันออกเฉียงเหนือ,กฟจ.อุดรธานี,เว็บไซต์,ร้องเรียน,คุณภาพไฟฟ้า,การติดต่อและติดตาม,การประสานงาน,ภายในกำหนด
MOCK-00028,2024-02-08,,รับเรื่อง,2024,2,ภาคกลาง,กฟจ.นครปฐม,เว็บไซต์,ร้องเรียน,คุณภาพไฟฟ้า,การติดต่อและติดตาม,การประสานงาน,เกินกำหนด
MOCK-00029,2024-02-09,,อยู่ระหว่างดำเนินการ,2024,2,ภาคใต้,กฟจ.สงขลา,อีเมล,ร้องเรียน,คุณภาพไฟฟ้า,การติดต่อและติดตาม,การประสานงาน,เกินกำหนด
MOCK-00030,2024-02-10,2024-03-12,ปิดคำร้อง,2024,2,สำนักงานใหญ่,ศูนย์ประสานงานสำนักงานใหญ่,อีเมล,ร้องเรียน,คุณภาพไฟฟ้า,การติดต่อและติดตาม,การประสานงาน,เกินกำหนด
MOCK-00031,2024-02-11,,รับเรื่อง,2024,2,ภาคเหนือ,กฟจ.เชียงใหม่,อีเมล,ข้อเสนอแนะ/ข้อคิดเห็น,ช่องทางดิจิทัล,การติดต่อและติดตาม,การประสานงาน,ใกล้ครบกำหนด
MOCK-00032,2024-02-12,,อยู่ระหว่างดำเนินการ,2024,2,ภาคตะวันออกเฉียงเหนือ,กฟจ.ขอนแก่น,อีเมล,ข้อเสนอแนะ/ข้อคิดเห็น,ช่องทางดิจิทัล,การติดต่อและติดตาม,การประสานงาน,ใกล้ครบกำหนด
MOCK-00033,2024-02-13,2024-03-18,ปิดคำร้อง,2024,2,ภาคกลาง,กฟจ.พระนครศรีอยุธยา,อีเมล,ข้อเสนอแนะ/ข้อคิดเห็น,ช่องทางดิจิทัล,การติดต่อและติดตาม,การประสานงาน,เกินกำหนด
MOCK-00034,2024-02-14,,รับเรื่อง,2024,2,ภาคใต้,กฟจ.สุราษฎร์ธานี,อีเมล,ข้อเสนอแนะ/ข้อคิดเห็น,ช่องทางดิจิทัล,การติดต่อและติดตาม,การประสานงาน,ภายในกำหนด
MOCK-00035,2024-02-15,,อยู่ระหว่างดำเนินการ,2024,2,สำนักงานใหญ่,ศูนย์บริการสำนักงานใหญ่,อีเมล,ข้อเสนอแนะ/ข้อคิดเห็น,ช่องทางดิจิทัล,การติดต่อและติดตาม,การประสานงาน,ภายในกำหนด
MOCK-00036,2024-02-16,2024-03-24,ปิดคำร้อง,2024,2,ภาคเหนือ,กฟจ.เชียงราย,PEA Contact Center,แจ้งเหตุ,อุปกรณ์ชำรุด,การติดต่อและติดตาม,การประสานงาน,เกินกำหนด
MOCK-00037,2024-02-17,,รับเรื่อง,2024,2,ภาคตะวันออกเฉียงเหนือ,กฟจ.อุดรธานี,PEA Contact Center,แจ้งเหตุ,อุปกรณ์ชำรุด,การติดต่อและติดตาม,การประสานงาน,เกินกำหนด
MOCK-00038,2024-02-18,,อยู่ระหว่างดำเนินการ,2024,2,ภาคกลาง,กฟจ.นครปฐม,PEA Contact Center,แจ้งเหตุ,อุปกรณ์ชำรุด,การติดต่อและติดตาม,การประสานงาน,เกินกำหนด
MOCK-00039,2024-02-19,2024-02-23,ปิดคำร้อง,2024,2,ภาคใต้,กฟจ.สงขลา,PEA Contact Center,แจ้งเหตุ,อุปกรณ์ชำรุด,การติดต่อและติดตาม,การประสานงาน,ภายในกำหนด
MOCK-00040,2024-02-20,,รับเรื่อง,2024,2,สำนักงานใหญ่,ศูนย์ประสานงานสำนักงานใหญ่,PEA Contact Center,แจ้งเหตุ,อุปกรณ์ชำรุด,การติดต่อและติดตาม,การประสานงาน,ใกล้ครบกำหนด
MOCK-00041,2024-03-01,,อยู่ระหว่างดำเนินการ,2024,3,ภาคเหนือ,กฟจ.เชียงใหม่,PEA Contact Center,แจ้งเบาะแส,ความปลอดภัย,การติดต่อและติดตาม,การประสานงาน,ใกล้ครบกำหนด
MOCK-00042,2024-03-02,2024-03-09,ปิดคำร้อง,2024,3,ภาคตะวันออกเฉียงเหนือ,กฟจ.ขอนแก่น,PEA Contact Center,แจ้งเบาะแส,ความปลอดภัย,การติดต่อและติดตาม,การประสานงาน,ภายในกำหนด
MOCK-00043,2024-03-03,,รับเรื่อง,2024,3,ภาคกลาง,กฟจ.พระนครศรีอยุธยา,PEA Smart Plus,แจ้งเบาะแส,ความปลอดภัย,การติดต่อและติดตาม,การประสานงาน,ภายในกำหนด
MOCK-00044,2024-03-04,,อยู่ระหว่างดำเนินการ,2024,3,ภาคใต้,กฟจ.สุราษฎร์ธานี,PEA Smart Plus,แจ้งเบาะแส,ความปลอดภัย,การติดต่อและติดตาม,การประสานงาน,ภายในกำหนด
MOCK-00045,2024-03-05,2024-03-15,ปิดคำร้อง,2024,3,สำนักงานใหญ่,ศูนย์บริการสำนักงานใหญ่,PEA Smart Plus,แจ้งเบาะแส,ความปลอดภัย,การติดต่อและติดตาม,การประสานงาน,ภายในกำหนด
MOCK-00046,2024-03-06,,รับเรื่อง,2024,3,ภาคเหนือ,กฟจ.เชียงราย,PEA Smart Plus,ชื่นชม,การแก้ไขปัญหา,การติดต่อและติดตาม,การประสานงาน,เกินกำหนด
MOCK-00047,2024-03-07,,อยู่ระหว่างดำเนินการ,2024,3,ภาคตะวันออกเฉียงเหนือ,กฟจ.อุดรธานี,PEA Smart Plus,ชื่นชม,การแก้ไขปัญหา,การติดต่อและติดตาม,การประสานงาน,เกินกำหนด
MOCK-00048,2024-03-08,2024-03-21,ปิดคำร้อง,2024,3,ภาคกลาง,กฟจ.นครปฐม,PEA Smart Plus,ชื่นชม,การแก้ไขปัญหา,การติดต่อและติดตาม,การประสานงาน,ภายในกำหนด
MOCK-00049,2024-03-09,,รับเรื่อง,2024,3,ภาคใต้,กฟจ.สงขลา,PEA Smart Plus,ชื่นชม,การแก้ไขปัญหา,การติดต่อและติดตาม,การประสานงาน,ใกล้ครบกำหนด
MOCK-00050,2024-03-10,,อยู่ระหว่างดำเนินการ,2024,3,สำนักงานใหญ่,ศูนย์ประสานงานสำนักงานใหญ่,สำนักงานการไฟฟ้า,ชื่นชม,การแก้ไขปัญหา,การติดต่อและติดตาม,การประสานงาน,ใกล้ครบกำหนด
MOCK-00051,2024-03-11,2024-03-27,ปิดคำร้อง,2024,3,ภาคเหนือ,กฟจ.เชียงใหม่,สำนักงานการไฟฟ้า,ร้องเรียน,การให้บริการ,การดำเนินงาน,การประสานงาน,ภายในกำหนด
MOCK-00052,2024-03-12,,รับเรื่อง,2024,3,ภาคตะวันออกเฉียงเหนือ,กฟจ.ขอนแก่น,สำนักงานการไฟฟ้า,ร้องเรียน,การให้บริการ,การดำเนินงาน,การประสานงาน,ภายในกำหนด
MOCK-00053,2024-03-13,,อยู่ระหว่างดำเนินการ,2024,3,ภาคกลาง,กฟจ.พระนครศรีอยุธยา,สำนักงานการไฟฟ้า,ร้องเรียน,การให้บริการ,การดำเนินงาน,การประสานงาน,ภายในกำหนด
MOCK-00054,2024-03-14,2024-04-02,ปิดคำร้อง,2024,3,ภาคใต้,กฟจ.สุราษฎร์ธานี,สำนักงานการไฟฟ้า,ร้องเรียน,การให้บริการ,การดำเนินงาน,การประสานงาน,ภายในกำหนด
MOCK-00055,2024-03-15,,รับเรื่อง,2024,3,สำนักงานใหญ่,ศูนย์บริการสำนักงานใหญ่,สำนักงานการไฟฟ้า,ร้องเรียน,การให้บริการ,การดำเนินงาน,การประสานงาน,เกินกำหนด
MOCK-00056,2024-03-16,,อยู่ระหว่างดำเนินการ,2024,3,ภาคเหนือ,กฟจ.เชียงราย,สำนักงานการไฟฟ้า,ข้อเสนอแนะ/ข้อคิดเห็น,พัฒนาบริการ,การดำเนินงาน,การประสานงาน,เกินกำหนด
MOCK-00057,2024-03-17,2024-04-08,ปิดคำร้อง,2024,3,ภาคตะวันออกเฉียงเหนือ,กฟจ.อุดรธานี,เว็บไซต์,ข้อเสนอแนะ/ข้อคิดเห็น,พัฒนาบริการ,การดำเนินงาน,การประสานงาน,ภายในกำหนด
MOCK-00058,2024-03-18,,รับเรื่อง,2024,3,ภาคกลาง,กฟจ.นครปฐม,เว็บไซต์,ข้อเสนอแนะ/ข้อคิดเห็น,พัฒนาบริการ,การดำเนินงาน,การประสานงาน,ใกล้ครบกำหนด
MOCK-00059,2024-03-19,,อยู่ระหว่างดำเนินการ,2024,3,ภาคใต้,กฟจ.สงขลา,เว็บไซต์,ข้อเสนอแนะ/ข้อคิดเห็น,พัฒนาบริการ,การดำเนินงาน,การประสานงาน,ใกล้ครบกำหนด
MOCK-00060,2024-03-20,2024-04-14,ปิดคำร้อง,2024,3,สำนักงานใหญ่,ศูนย์ประสานงานสำนักงานใหญ่,เว็บไซต์,ข้อเสนอแนะ/ข้อคิดเห็น,พัฒนาบริการ,การดำเนินงาน,การประสานงาน,ภายในกำหนด
MOCK-00061,2024-04-01,,รับเรื่อง,2024,4,ภาคเหนือ,กฟจ.เชียงใหม่,เว็บไซต์,แจ้งเหตุ,ไฟฟ้าขัดข้อง,การดำเนินงาน,การประสานงาน,ภายในกำหนด
MOCK-00062,2024-04-02,,อยู่ระหว่างดำเนินการ,2024,4,ภาคตะวันออกเฉียงเหนือ,กฟจ.ขอนแก่น,เว็บไซต์,แจ้งเหตุ,ไฟฟ้าขัดข้อง,การดำเนินงาน,การประสานงาน,ภายในกำหนด
MOCK-00063,2024-04-03,2024-05-01,ปิดคำร้อง,2024,4,ภาคกลาง,กฟจ.พระนครศรีอยุธยา,เว็บไซต์,แจ้งเหตุ,ไฟฟ้าขัดข้อง,การดำเนินงาน,การประสานงาน,ภายในกำหนด
MOCK-00064,2024-04-04,,รับเรื่อง,2024,4,ภาคใต้,กฟจ.สุราษฎร์ธานี,อีเมล,แจ้งเหตุ,ไฟฟ้าขัดข้อง,การดำเนินงาน,การประสานงาน,เกินกำหนด
MOCK-00065,2024-04-05,,อยู่ระหว่างดำเนินการ,2024,4,สำนักงานใหญ่,ศูนย์บริการสำนักงานใหญ่,อีเมล,แจ้งเหตุ,ไฟฟ้าขัดข้อง,การดำเนินงาน,การประสานงาน,เกินกำหนด
MOCK-00066,2024-04-06,2024-05-07,ปิดคำร้อง,2024,4,ภาคเหนือ,กฟจ.เชียงราย,อีเมล,แจ้งเบาะแส,การใช้ไฟฟ้า,การดำเนินงาน,การประสานงาน,เกินกำหนด
MOCK-00067,2024-04-07,,รับเรื่อง,2024,4,ภาคตะวันออกเฉียงเหนือ,กฟจ.อุดรธานี,อีเมล,แจ้งเบาะแส,การใช้ไฟฟ้า,การดำเนินงาน,การประสานงาน,ใกล้ครบกำหนด
MOCK-00068,2024-04-08,,อยู่ระหว่างดำเนินการ,2024,4,ภาคกลาง,กฟจ.นครปฐม,อีเมล,แจ้งเบาะแส,การใช้ไฟฟ้า,การดำเนินงาน,การประสานงาน,ใกล้ครบกำหนด
MOCK-00069,2024-04-09,2024-05-13,ปิดคำร้อง,2024,4,ภาคใต้,กฟจ.สงขลา,อีเมล,แจ้งเบาะแส,การใช้ไฟฟ้า,การดำเนินงาน,การประสานงาน,เกินกำหนด
MOCK-00070,2024-04-10,,รับเรื่อง,2024,4,สำนักงานใหญ่,ศูนย์ประสานงานสำนักงานใหญ่,อีเมล,แจ้งเบาะแส,การใช้ไฟฟ้า,การดำเนินงาน,การประสานงาน,ภายในกำหนด
MOCK-00071,2024-04-11,,อยู่ระหว่างดำเนินการ,2024,4,ภาคเหนือ,กฟจ.เชียงใหม่,PEA Contact Center,ชื่นชม,พนักงานบริการ,การดำเนินงาน,การประสานงาน,ภายในกำหนด
MOCK-00072,2024-04-12,2024-05-19,ปิดคำร้อง,2024,4,ภาคตะวันออกเฉียงเหนือ,กฟจ.ขอนแก่น,PEA Contact Center,ชื่นชม,พนักงานบริการ,การดำเนินงาน,การประสานงาน,เกินกำหนด
MOCK-00073,2024-04-13,,รับเรื่อง,2024,4,ภาคกลาง,กฟจ.พระนครศรีอยุธยา,PEA Contact Center,ชื่นชม,พนักงานบริการ,การดำเนินงาน,การประสานงาน,เกินกำหนด
MOCK-00074,2024-04-14,,อยู่ระหว่างดำเนินการ,2024,4,ภาคใต้,กฟจ.สุราษฎร์ธานี,PEA Contact Center,ชื่นชม,พนักงานบริการ,การดำเนินงาน,การประสานงาน,เกินกำหนด
MOCK-00075,2024-04-15,2024-04-19,ปิดคำร้อง,2024,4,สำนักงานใหญ่,ศูนย์บริการสำนักงานใหญ่,PEA Contact Center,ชื่นชม,พนักงานบริการ,การดำเนินงาน,การประสานงาน,ภายในกำหนด
MOCK-00076,2024-04-16,,รับเรื่อง,2024,4,ภาคเหนือ,กฟจ.เชียงราย,PEA Contact Center,ร้องเรียน,คุณภาพไฟฟ้า,การดำเนินงาน,การประสานงาน,ใกล้ครบกำหนด
MOCK-00077,2024-04-17,,อยู่ระหว่างดำเนินการ,2024,4,ภาคตะวันออกเฉียงเหนือ,กฟจ.อุดรธานี,PEA Contact Center,ร้องเรียน,คุณภาพไฟฟ้า,การดำเนินงาน,การประสานงาน,ใกล้ครบกำหนด
MOCK-00078,2024-04-18,2024-04-25,ปิดคำร้อง,2024,4,ภาคกลาง,กฟจ.นครปฐม,PEA Smart Plus,ร้องเรียน,คุณภาพไฟฟ้า,การดำเนินงาน,การประสานงาน,ภายในกำหนด
MOCK-00079,2024-04-19,,รับเรื่อง,2024,4,ภาคใต้,กฟจ.สงขลา,PEA Smart Plus,ร้องเรียน,คุณภาพไฟฟ้า,การดำเนินงาน,การประสานงาน,ภายในกำหนด
MOCK-00080,2024-04-20,,อยู่ระหว่างดำเนินการ,2024,4,สำนักงานใหญ่,ศูนย์ประสานงานสำนักงานใหญ่,PEA Smart Plus,ร้องเรียน,คุณภาพไฟฟ้า,การดำเนินงาน,การประสานงาน,ภายในกำหนด
MOCK-00081,2024-05-01,2024-05-11,ปิดคำร้อง,2024,5,ภาคเหนือ,กฟจ.เชียงใหม่,PEA Smart Plus,ข้อเสนอแนะ/ข้อคิดเห็น,ช่องทางดิจิทัล,การดำเนินงาน,การประสานงาน,ภายในกำหนด
MOCK-00082,2024-05-02,,รับเรื่อง,2024,5,ภาคตะวันออกเฉียงเหนือ,กฟจ.ขอนแก่น,PEA Smart Plus,ข้อเสนอแนะ/ข้อคิดเห็น,ช่องทางดิจิทัล,การดำเนินงาน,การประสานงาน,เกินกำหนด
MOCK-00083,2024-05-03,,อยู่ระหว่างดำเนินการ,2024,5,ภาคกลาง,กฟจ.พระนครศรีอยุธยา,PEA Smart Plus,ข้อเสนอแนะ/ข้อคิดเห็น,ช่องทางดิจิทัล,การดำเนินงาน,การประสานงาน,เกินกำหนด
MOCK-00084,2024-05-04,2024-05-17,ปิดคำร้อง,2024,5,ภาคใต้,กฟจ.สุราษฎร์ธานี,PEA Smart Plus,ข้อเสนอแนะ/ข้อคิดเห็น,ช่องทางดิจิทัล,การดำเนินงาน,การประสานงาน,ภายในกำหนด
MOCK-00085,2024-05-05,,รับเรื่อง,2024,5,สำนักงานใหญ่,ศูนย์บริการสำนักงานใหญ่,สำนักงานการไฟฟ้า,ข้อเสนอแนะ/ข้อคิดเห็น,ช่องทางดิจิทัล,การดำเนินงาน,การประสานงาน,ใกล้ครบกำหนด
MOCK-00086,2024-05-06,,อยู่ระหว่างดำเนินการ,2024,5,ภาคเหนือ,กฟจ.เชียงราย,สำนักงานการไฟฟ้า,แจ้งเหตุ,อุปกรณ์ชำรุด,การดำเนินงาน,การประสานงาน,ใกล้ครบกำหนด
MOCK-00087,2024-05-07,2024-05-23,ปิดคำร้อง,2024,5,ภาคตะวันออกเฉียงเหนือ,กฟจ.อุดรธานี,สำนักงานการไฟฟ้า,แจ้งเหตุ,อุปกรณ์ชำรุด,การดำเนินงาน,การประสานงาน,ภายในกำหนด
MOCK-00088,2024-05-08,,รับเรื่อง,2024,5,ภาคกลาง,กฟจ.นครปฐม,สำนักงานการไฟฟ้า,แจ้งเหตุ,อุปกรณ์ชำรุด,การดำเนินงาน,การประสานงาน,ภายในกำหนด
MOCK-00089,2024-05-09,,อยู่ระหว่างดำเนินการ,2024,5,ภาคใต้,กฟจ.สงขลา,สำนักงานการไฟฟ้า,แจ้งเหตุ,อุปกรณ์ชำรุด,การดำเนินงาน,การประสานงาน,ภายในกำหนด
MOCK-00090,2024-05-10,2024-05-29,ปิดคำร้อง,2024,5,สำนักงานใหญ่,ศูนย์ประสานงานสำนักงานใหญ่,สำนักงานการไฟฟ้า,แจ้งเหตุ,อุปกรณ์ชำรุด,การดำเนินงาน,การประสานงาน,ภายในกำหนด
MOCK-00091,2024-05-11,,รับเรื่อง,2024,5,ภาคเหนือ,กฟจ.เชียงใหม่,สำนักงานการไฟฟ้า,แจ้งเบาะแส,ความปลอดภัย,การดำเนินงาน,การประสานงาน,เกินกำหนด
MOCK-00092,2024-05-12,,อยู่ระหว่างดำเนินการ,2024,5,ภาคตะวันออกเฉียงเหนือ,กฟจ.ขอนแก่น,เว็บไซต์,แจ้งเบาะแส,ความปลอดภัย,การดำเนินงาน,การประสานงาน,เกินกำหนด
MOCK-00093,2024-05-13,2024-06-04,ปิดคำร้อง,2024,5,ภาคกลาง,กฟจ.พระนครศรีอยุธยา,เว็บไซต์,แจ้งเบาะแส,ความปลอดภัย,การดำเนินงาน,การประสานงาน,ภายในกำหนด
MOCK-00094,2024-05-14,,รับเรื่อง,2024,5,ภาคใต้,กฟจ.สุราษฎร์ธานี,เว็บไซต์,แจ้งเบาะแส,ความปลอดภัย,การดำเนินงาน,การประสานงาน,ใกล้ครบกำหนด
MOCK-00095,2024-05-15,,อยู่ระหว่างดำเนินการ,2024,5,สำนักงานใหญ่,ศูนย์บริการสำนักงานใหญ่,เว็บไซต์,แจ้งเบาะแส,ความปลอดภัย,การดำเนินงาน,การประสานงาน,ใกล้ครบกำหนด
MOCK-00096,2024-05-16,2024-06-10,ปิดคำร้อง,2024,5,ภาคเหนือ,กฟจ.เชียงราย,เว็บไซต์,ชื่นชม,การแก้ไขปัญหา,การดำเนินงาน,การประสานงาน,ภายในกำหนด
MOCK-00097,2024-05-17,,รับเรื่อง,2024,5,ภาคตะวันออกเฉียงเหนือ,กฟจ.อุดรธานี,เว็บไซต์,ชื่นชม,การแก้ไขปัญหา,การดำเนินงาน,การประสานงาน,ภายในกำหนด
MOCK-00098,2024-05-18,,อยู่ระหว่างดำเนินการ,2024,5,ภาคกลาง,กฟจ.นครปฐม,เว็บไซต์,ชื่นชม,การแก้ไขปัญหา,การดำเนินงาน,การประสานงาน,ภายในกำหนด
MOCK-00099,2024-05-19,2024-06-16,ปิดคำร้อง,2024,5,ภาคใต้,กฟจ.สงขลา,อีเมล,ชื่นชม,การแก้ไขปัญหา,การดำเนินงาน,การประสานงาน,ภายในกำหนด
MOCK-00100,2024-05-20,,รับเรื่อง,2024,5,สำนักงานใหญ่,ศูนย์ประสานงานสำนักงานใหญ่,อีเมล,ชื่นชม,การแก้ไขปัญหา,การดำเนินงาน,การประสานงาน,เกินกำหนด
MOCK-00101,2024-06-01,,อยู่ระหว่างดำเนินการ,2024,6,ภาคเหนือ,กฟจ.เชียงใหม่,อีเมล,ร้องเรียน,การให้บริการ,การติดต่อและติดตาม,การแจ้งผล,เกินกำหนด
MOCK-00102,2024-06-02,2024-07-03,ปิดคำร้อง,2024,6,ภาคตะวันออกเฉียงเหนือ,กฟจ.ขอนแก่น,อีเมล,ร้องเรียน,การให้บริการ,การติดต่อและติดตาม,การแจ้งผล,เกินกำหนด
MOCK-00103,2024-06-03,,รับเรื่อง,2024,6,ภาคกลาง,กฟจ.พระนครศรีอยุธยา,อีเมล,ร้องเรียน,การให้บริการ,การติดต่อและติดตาม,การแจ้งผล,ใกล้ครบกำหนด
MOCK-00104,2024-06-04,,อยู่ระหว่างดำเนินการ,2024,6,ภาคใต้,กฟจ.สุราษฎร์ธานี,อีเมล,ร้องเรียน,การให้บริการ,การติดต่อและติดตาม,การแจ้งผล,ใกล้ครบกำหนด
MOCK-00105,2024-06-05,2024-07-09,ปิดคำร้อง,2024,6,สำนักงานใหญ่,ศูนย์บริการสำนักงานใหญ่,อีเมล,ร้องเรียน,การให้บริการ,การติดต่อและติดตาม,การแจ้งผล,เกินกำหนด
MOCK-00106,2024-06-06,,รับเรื่อง,2024,6,ภาคเหนือ,กฟจ.เชียงราย,PEA Contact Center,ข้อเสนอแนะ/ข้อคิดเห็น,พัฒนาบริการ,การติดต่อและติดตาม,การแจ้งผล,ภายในกำหนด
MOCK-00107,2024-06-07,,อยู่ระหว่างดำเนินการ,2024,6,ภาคตะวันออกเฉียงเหนือ,กฟจ.อุดรธานี,PEA Contact Center,ข้อเสนอแนะ/ข้อคิดเห็น,พัฒนาบริการ,การติดต่อและติดตาม,การแจ้งผล,ภายในกำหนด
MOCK-00108,2024-06-08,2024-07-15,ปิดคำร้อง,2024,6,ภาคกลาง,กฟจ.นครปฐม,PEA Contact Center,ข้อเสนอแนะ/ข้อคิดเห็น,พัฒนาบริการ,การติดต่อและติดตาม,การแจ้งผล,เกินกำหนด
MOCK-00109,2024-06-09,,รับเรื่อง,2024,6,ภาคใต้,กฟจ.สงขลา,PEA Contact Center,ข้อเสนอแนะ/ข้อคิดเห็น,พัฒนาบริการ,การติดต่อและติดตาม,การแจ้งผล,เกินกำหนด
MOCK-00110,2024-06-10,,อยู่ระหว่างดำเนินการ,2024,6,สำนักงานใหญ่,ศูนย์ประสานงานสำนักงานใหญ่,PEA Contact Center,ข้อเสนอแนะ/ข้อคิดเห็น,พัฒนาบริการ,การติดต่อและติดตาม,การแจ้งผล,เกินกำหนด
MOCK-00111,2024-06-11,2024-06-15,ปิดคำร้อง,2024,6,ภาคเหนือ,กฟจ.เชียงใหม่,PEA Contact Center,แจ้งเหตุ,ไฟฟ้าขัดข้อง,การติดต่อและติดตาม,การแจ้งผล,ภายในกำหนด
MOCK-00112,2024-06-12,,รับเรื่อง,2024,6,ภาคตะวันออกเฉียงเหนือ,กฟจ.ขอนแก่น,PEA Contact Center,แจ้งเหตุ,ไฟฟ้าขัดข้อง,การติดต่อและติดตาม,การแจ้งผล,ใกล้ครบกำหนด
MOCK-00113,2024-06-13,,อยู่ระหว่างดำเนินการ,2024,6,ภาคกลาง,กฟจ.พระนครศรีอยุธยา,PEA Smart Plus,แจ้งเหตุ,ไฟฟ้าขัดข้อง,การติดต่อและติดตาม,การแจ้งผล,ใกล้ครบกำหนด
MOCK-00114,2024-06-14,2024-06-21,ปิดคำร้อง,2024,6,ภาคใต้,กฟจ.สุราษฎร์ธานี,PEA Smart Plus,แจ้งเหตุ,ไฟฟ้าขัดข้อง,การติดต่อและติดตาม,การแจ้งผล,ภายในกำหนด
MOCK-00115,2024-06-15,,รับเรื่อง,2024,6,สำนักงานใหญ่,ศูนย์บริการสำนักงานใหญ่,PEA Smart Plus,แจ้งเหตุ,ไฟฟ้าขัดข้อง,การติดต่อและติดตาม,การแจ้งผล,ภายในกำหนด
MOCK-00116,2024-06-16,,อยู่ระหว่างดำเนินการ,2024,6,ภาคเหนือ,กฟจ.เชียงราย,PEA Smart Plus,แจ้งเบาะแส,การใช้ไฟฟ้า,การติดต่อและติดตาม,การแจ้งผล,ภายในกำหนด
MOCK-00117,2024-06-17,2024-06-27,ปิดคำร้อง,2024,6,ภาคตะวันออกเฉียงเหนือ,กฟจ.อุดรธานี,PEA Smart Plus,แจ้งเบาะแส,การใช้ไฟฟ้า,การติดต่อและติดตาม,การแจ้งผล,ภายในกำหนด
MOCK-00118,2024-06-18,,รับเรื่อง,2024,6,ภาคกลาง,กฟจ.นครปฐม,PEA Smart Plus,แจ้งเบาะแส,การใช้ไฟฟ้า,การติดต่อและติดตาม,การแจ้งผล,เกินกำหนด
MOCK-00119,2024-06-19,,อยู่ระหว่างดำเนินการ,2024,6,ภาคใต้,กฟจ.สงขลา,PEA Smart Plus,แจ้งเบาะแส,การใช้ไฟฟ้า,การติดต่อและติดตาม,การแจ้งผล,เกินกำหนด
MOCK-00120,2024-06-20,2024-07-03,ปิดคำร้อง,2024,6,สำนักงานใหญ่,ศูนย์ประสานงานสำนักงานใหญ่,สำนักงานการไฟฟ้า,แจ้งเบาะแส,การใช้ไฟฟ้า,การติดต่อและติดตาม,การแจ้งผล,ภายในกำหนด
MOCK-00121,2024-07-01,,รับเรื่อง,2024,7,ภาคเหนือ,กฟจ.เชียงใหม่,สำนักงานการไฟฟ้า,ชื่นชม,พนักงานบริการ,การติดต่อและติดตาม,การแจ้งผล,ใกล้ครบกำหนด
MOCK-00122,2024-07-02,,อยู่ระหว่างดำเนินการ,2024,7,ภาคตะวันออกเฉียงเหนือ,กฟจ.ขอนแก่น,สำนักงานการไฟฟ้า,ชื่นชม,พนักงานบริการ,การติดต่อและติดตาม,การแจ้งผล,ใกล้ครบกำหนด
MOCK-00123,2024-07-03,2024-07-19,ปิดคำร้อง,2024,7,ภาคกลาง,กฟจ.พระนครศรีอยุธยา,สำนักงานการไฟฟ้า,ชื่นชม,พนักงานบริการ,การติดต่อและติดตาม,การแจ้งผล,ภายในกำหนด
MOCK-00124,2024-07-04,,รับเรื่อง,2024,7,ภาคใต้,กฟจ.สุราษฎร์ธานี,สำนักงานการไฟฟ้า,ชื่นชม,พนักงานบริการ,การติดต่อและติดตาม,การแจ้งผล,ภายในกำหนด
MOCK-00125,2024-07-05,,อยู่ระหว่างดำเนินการ,2024,7,สำนักงานใหญ่,ศูนย์บริการสำนักงานใหญ่,สำนักงานการไฟฟ้า,ชื่นชม,พนักงานบริการ,การติดต่อและติดตาม,การแจ้งผล,ภายในกำหนด
MOCK-00126,2024-07-06,2024-07-25,ปิดคำร้อง,2024,7,ภาคเหนือ,กฟจ.เชียงราย,สำนักงานการไฟฟ้า,ร้องเรียน,คุณภาพไฟฟ้า,การติดต่อและติดตาม,การแจ้งผล,ภายในกำหนด
MOCK-00127,2024-07-07,,รับเรื่อง,2024,7,ภาคตะวันออกเฉียงเหนือ,กฟจ.อุดรธานี,เว็บไซต์,ร้องเรียน,คุณภาพไฟฟ้า,การติดต่อและติดตาม,การแจ้งผล,เกินกำหนด
MOCK-00128,2024-07-08,,อยู่ระหว่างดำเนินการ,2024,7,ภาคกลาง,กฟจ.นครปฐม,เว็บไซต์,ร้องเรียน,คุณภาพไฟฟ้า,การติดต่อและติดตาม,การแจ้งผล,เกินกำหนด
MOCK-00129,2024-07-09,2024-07-31,ปิดคำร้อง,2024,7,ภาคใต้,กฟจ.สงขลา,เว็บไซต์,ร้องเรียน,คุณภาพไฟฟ้า,การติดต่อและติดตาม,การแจ้งผล,ภายในกำหนด
MOCK-00130,2024-07-10,,รับเรื่อง,2024,7,สำนักงานใหญ่,ศูนย์ประสานงานสำนักงานใหญ่,เว็บไซต์,ร้องเรียน,คุณภาพไฟฟ้า,การติดต่อและติดตาม,การแจ้งผล,ใกล้ครบกำหนด
MOCK-00131,2024-07-11,,อยู่ระหว่างดำเนินการ,2024,7,ภาคเหนือ,กฟจ.เชียงใหม่,เว็บไซต์,ข้อเสนอแนะ/ข้อคิดเห็น,ช่องทางดิจิทัล,การติดต่อและติดตาม,การแจ้งผล,ใกล้ครบกำหนด
MOCK-00132,2024-07-12,2024-08-06,ปิดคำร้อง,2024,7,ภาคตะวันออกเฉียงเหนือ,กฟจ.ขอนแก่น,เว็บไซต์,ข้อเสนอแนะ/ข้อคิดเห็น,ช่องทางดิจิทัล,การติดต่อและติดตาม,การแจ้งผล,ภายในกำหนด
MOCK-00133,2024-07-13,,รับเรื่อง,2024,7,ภาคกลาง,กฟจ.พระนครศรีอยุธยา,เว็บไซต์,ข้อเสนอแนะ/ข้อคิดเห็น,ช่องทางดิจิทัล,การติดต่อและติดตาม,การแจ้งผล,ภายในกำหนด
MOCK-00134,2024-07-14,,อยู่ระหว่างดำเนินการ,2024,7,ภาคใต้,กฟจ.สุราษฎร์ธานี,อีเมล,ข้อเสนอแนะ/ข้อคิดเห็น,ช่องทางดิจิทัล,การติดต่อและติดตาม,การแจ้งผล,ภายในกำหนด
MOCK-00135,2024-07-15,2024-08-12,ปิดคำร้อง,2024,7,สำนักงานใหญ่,ศูนย์บริการสำนักงานใหญ่,อีเมล,ข้อเสนอแนะ/ข้อคิดเห็น,ช่องทางดิจิทัล,การติดต่อและติดตาม,การแจ้งผล,ภายในกำหนด
MOCK-00136,2024-07-16,,รับเรื่อง,2024,7,ภาคเหนือ,กฟจ.เชียงราย,อีเมล,แจ้งเหตุ,อุปกรณ์ชำรุด,การติดต่อและติดตาม,การแจ้งผล,เกินกำหนด
MOCK-00137,2024-07-17,,อยู่ระหว่างดำเนินการ,2024,7,ภาคตะวันออกเฉียงเหนือ,กฟจ.อุดรธานี,อีเมล,แจ้งเหตุ,อุปกรณ์ชำรุด,การติดต่อและติดตาม,การแจ้งผล,เกินกำหนด
MOCK-00138,2024-07-18,2024-08-18,ปิดคำร้อง,2024,7,ภาคกลาง,กฟจ.นครปฐม,อีเมล,แจ้งเหตุ,อุปกรณ์ชำรุด,การติดต่อและติดตาม,การแจ้งผล,เกินกำหนด
MOCK-00139,2024-07-19,,รับเรื่อง,2024,7,ภาคใต้,กฟจ.สงขลา,อีเมล,แจ้งเหตุ,อุปกรณ์ชำรุด,การติดต่อและติดตาม,การแจ้งผล,ใกล้ครบกำหนด
MOCK-00140,2024-07-20,,อยู่ระหว่างดำเนินการ,2024,7,สำนักงานใหญ่,ศูนย์ประสานงานสำนักงานใหญ่,อีเมล,แจ้งเหตุ,อุปกรณ์ชำรุด,การติดต่อและติดตาม,การแจ้งผล,ใกล้ครบกำหนด
MOCK-00141,2024-08-01,2024-09-04,ปิดคำร้อง,2024,8,ภาคเหนือ,กฟจ.เชียงใหม่,PEA Contact Center,แจ้งเบาะแส,ความปลอดภัย,การติดต่อและติดตาม,การแจ้งผล,เกินกำหนด
MOCK-00142,2024-08-02,,รับเรื่อง,2024,8,ภาคตะวันออกเฉียงเหนือ,กฟจ.ขอนแก่น,PEA Contact Center,แจ้งเบาะแส,ความปลอดภัย,การติดต่อและติดตาม,การแจ้งผล,ภายในกำหนด
MOCK-00143,2024-08-03,,อยู่ระหว่างดำเนินการ,2024,8,ภาคกลาง,กฟจ.พระนครศรีอยุธยา,PEA Contact Center,แจ้งเบาะแส,ความปลอดภัย,การติดต่อและติดตาม,การแจ้งผล,ภายในกำหนด
MOCK-00144,2024-08-04,2024-09-10,ปิดคำร้อง,2024,8,ภาคใต้,กฟจ.สุราษฎร์ธานี,PEA Contact Center,แจ้งเบาะแส,ความปลอดภัย,การติดต่อและติดตาม,การแจ้งผล,เกินกำหนด
MOCK-00145,2024-08-05,,รับเรื่อง,2024,8,สำนักงานใหญ่,ศูนย์บริการสำนักงานใหญ่,PEA Contact Center,แจ้งเบาะแส,ความปลอดภัย,การติดต่อและติดตาม,การแจ้งผล,เกินกำหนด
MOCK-00146,2024-08-06,,อยู่ระหว่างดำเนินการ,2024,8,ภาคเหนือ,กฟจ.เชียงราย,PEA Contact Center,ชื่นชม,การแก้ไขปัญหา,การติดต่อและติดตาม,การแจ้งผล,เกินกำหนด
MOCK-00147,2024-08-07,2024-08-11,ปิดคำร้อง,2024,8,ภาคตะวันออกเฉียงเหนือ,กฟจ.อุดรธานี,PEA Contact Center,ชื่นชม,การแก้ไขปัญหา,การติดต่อและติดตาม,การแจ้งผล,ภายในกำหนด
MOCK-00148,2024-08-08,,รับเรื่อง,2024,8,ภาคกลาง,กฟจ.นครปฐม,PEA Smart Plus,ชื่นชม,การแก้ไขปัญหา,การติดต่อและติดตาม,การแจ้งผล,ใกล้ครบกำหนด
MOCK-00149,2024-08-09,,อยู่ระหว่างดำเนินการ,2024,8,ภาคใต้,กฟจ.สงขลา,PEA Smart Plus,ชื่นชม,การแก้ไขปัญหา,การติดต่อและติดตาม,การแจ้งผล,ใกล้ครบกำหนด
MOCK-00150,2024-08-10,2024-08-17,ปิดคำร้อง,2024,8,สำนักงานใหญ่,ศูนย์ประสานงานสำนักงานใหญ่,PEA Smart Plus,ชื่นชม,การแก้ไขปัญหา,การติดต่อและติดตาม,การแจ้งผล,ภายในกำหนด
MOCK-00151,2024-08-11,,รับเรื่อง,2024,8,ภาคเหนือ,กฟจ.เชียงใหม่,PEA Smart Plus,ร้องเรียน,การให้บริการ,การดำเนินงาน,การแจ้งผล,ภายในกำหนด
MOCK-00152,2024-08-12,,อยู่ระหว่างดำเนินการ,2024,8,ภาคตะวันออกเฉียงเหนือ,กฟจ.ขอนแก่น,PEA Smart Plus,ร้องเรียน,การให้บริการ,การดำเนินงาน,การแจ้งผล,ภายในกำหนด
MOCK-00153,2024-08-13,2024-08-23,ปิดคำร้อง,2024,8,ภาคกลาง,กฟจ.พระนครศรีอยุธยา,PEA Smart Plus,ร้องเรียน,การให้บริการ,การดำเนินงาน,การแจ้งผล,ภายในกำหนด
MOCK-00154,2024-08-14,,รับเรื่อง,2024,8,ภาคใต้,กฟจ.สุราษฎร์ธานี,PEA Smart Plus,ร้องเรียน,การให้บริการ,การดำเนินงาน,การแจ้งผล,เกินกำหนด
MOCK-00155,2024-08-15,,อยู่ระหว่างดำเนินการ,2024,8,สำนักงานใหญ่,ศูนย์บริการสำนักงานใหญ่,สำนักงานการไฟฟ้า,ร้องเรียน,การให้บริการ,การดำเนินงาน,การแจ้งผล,เกินกำหนด
MOCK-00156,2024-08-16,2024-08-29,ปิดคำร้อง,2024,8,ภาคเหนือ,กฟจ.เชียงราย,สำนักงานการไฟฟ้า,ข้อเสนอแนะ/ข้อคิดเห็น,พัฒนาบริการ,การดำเนินงาน,การแจ้งผล,ภายในกำหนด
MOCK-00157,2024-08-17,,รับเรื่อง,2024,8,ภาคตะวันออกเฉียงเหนือ,กฟจ.อุดรธานี,สำนักงานการไฟฟ้า,ข้อเสนอแนะ/ข้อคิดเห็น,พัฒนาบริการ,การดำเนินงาน,การแจ้งผล,ใกล้ครบกำหนด
MOCK-00158,2024-08-18,,อยู่ระหว่างดำเนินการ,2024,8,ภาคกลาง,กฟจ.นครปฐม,สำนักงานการไฟฟ้า,ข้อเสนอแนะ/ข้อคิดเห็น,พัฒนาบริการ,การดำเนินงาน,การแจ้งผล,ใกล้ครบกำหนด
MOCK-00159,2024-08-19,2024-09-04,ปิดคำร้อง,2024,8,ภาคใต้,กฟจ.สงขลา,สำนักงานการไฟฟ้า,ข้อเสนอแนะ/ข้อคิดเห็น,พัฒนาบริการ,การดำเนินงาน,การแจ้งผล,ภายในกำหนด
MOCK-00160,2024-08-20,,รับเรื่อง,2024,8,สำนักงานใหญ่,ศูนย์ประสานงานสำนักงานใหญ่,สำนักงานการไฟฟ้า,ข้อเสนอแนะ/ข้อคิดเห็น,พัฒนาบริการ,การดำเนินงาน,การแจ้งผล,ภายในกำหนด
MOCK-00161,2024-09-01,,อยู่ระหว่างดำเนินการ,2024,9,ภาคเหนือ,กฟจ.เชียงใหม่,สำนักงานการไฟฟ้า,แจ้งเหตุ,ไฟฟ้าขัดข้อง,การดำเนินงาน,การแจ้งผล,ภายในกำหนด
MOCK-00162,2024-09-02,2024-09-21,ปิดคำร้อง,2024,9,ภาคตะวันออกเฉียงเหนือ,กฟจ.ขอนแก่น,เว็บไซต์,แจ้งเหตุ,ไฟฟ้าขัดข้อง,การดำเนินงาน,การแจ้งผล,ภายในกำหนด
MOCK-00163,2024-09-03,,รับเรื่อง,2024,9,ภาคกลาง,กฟจ.พระนครศรีอยุธยา,เว็บไซต์,แจ้งเหตุ,ไฟฟ้าขัดข้อง,การดำเนินงาน,การแจ้งผล,เกินกำหนด
MOCK-00164,2024-09-04,,อยู่ระหว่างดำเนินการ,2024,9,ภาคใต้,กฟจ.สุราษฎร์ธานี,เว็บไซต์,แจ้งเหตุ,ไฟฟ้าขัดข้อง,การดำเนินงาน,การแจ้งผล,เกินกำหนด
MOCK-00165,2024-09-05,2024-09-27,ปิดคำร้อง,2024,9,สำนักงานใหญ่,ศูนย์บริการสำนักงานใหญ่,เว็บไซต์,แจ้งเหตุ,ไฟฟ้าขัดข้อง,การดำเนินงาน,การแจ้งผล,ภายในกำหนด
MOCK-00166,2024-09-06,,รับเรื่อง,2024,9,ภาคเหนือ,กฟจ.เชียงราย,เว็บไซต์,แจ้งเบาะแส,การใช้ไฟฟ้า,การดำเนินงาน,การแจ้งผล,ใกล้ครบกำหนด
MOCK-00167,2024-09-07,,อยู่ระหว่างดำเนินการ,2024,9,ภาคตะวันออกเฉียงเหนือ,กฟจ.อุดรธานี,เว็บไซต์,แจ้งเบาะแส,การใช้ไฟฟ้า,การดำเนินงาน,การแจ้งผล,ใกล้ครบกำหนด
MOCK-00168,2024-09-08,2024-10-03,ปิดคำร้อง,2024,9,ภาคกลาง,กฟจ.นครปฐม,เว็บไซต์,แจ้งเบาะแส,การใช้ไฟฟ้า,การดำเนินงาน,การแจ้งผล,ภายในกำหนด
MOCK-00169,2024-09-09,,รับเรื่อง,2024,9,ภาคใต้,กฟจ.สงขลา,อีเมล,แจ้งเบาะแส,การใช้ไฟฟ้า,การดำเนินงาน,การแจ้งผล,ภายในกำหนด
MOCK-00170,2024-09-10,,อยู่ระหว่างดำเนินการ,2024,9,สำนักงานใหญ่,ศูนย์ประสานงานสำนักงานใหญ่,อีเมล,แจ้งเบาะแส,การใช้ไฟฟ้า,การดำเนินงาน,การแจ้งผล,ภายในกำหนด
MOCK-00171,2024-09-11,2024-10-09,ปิดคำร้อง,2024,9,ภาคเหนือ,กฟจ.เชียงใหม่,อีเมล,ชื่นชม,พนักงานบริการ,การดำเนินงาน,การแจ้งผล,ภายในกำหนด
MOCK-00172,2024-09-12,,รับเรื่อง,2024,9,ภาคตะวันออกเฉียงเหนือ,กฟจ.ขอนแก่น,อีเมล,ชื่นชม,พนักงานบริการ,การดำเนินงาน,การแจ้งผล,เกินกำหนด
MOCK-00173,2024-09-13,,อยู่ระหว่างดำเนินการ,2024,9,ภาคกลาง,กฟจ.พระนครศรีอยุธยา,อีเมล,ชื่นชม,พนักงานบริการ,การดำเนินงาน,การแจ้งผล,เกินกำหนด
MOCK-00174,2024-09-14,2024-10-15,ปิดคำร้อง,2024,9,ภาคใต้,กฟจ.สุราษฎร์ธานี,อีเมล,ชื่นชม,พนักงานบริการ,การดำเนินงาน,การแจ้งผล,เกินกำหนด
MOCK-00175,2024-09-15,,รับเรื่อง,2024,9,สำนักงานใหญ่,ศูนย์บริการสำนักงานใหญ่,อีเมล,ชื่นชม,พนักงานบริการ,การดำเนินงาน,การแจ้งผล,ใกล้ครบกำหนด
MOCK-00176,2024-09-16,,อยู่ระหว่างดำเนินการ,2024,9,ภาคเหนือ,กฟจ.เชียงราย,PEA Contact Center,ร้องเรียน,คุณภาพไฟฟ้า,การดำเนินงาน,การแจ้งผล,ใกล้ครบกำหนด
MOCK-00177,2024-09-17,2024-10-21,ปิดคำร้อง,2024,9,ภาคตะวันออกเฉียงเหนือ,กฟจ.อุดรธานี,PEA Contact Center,ร้องเรียน,คุณภาพไฟฟ้า,การดำเนินงาน,การแจ้งผล,เกินกำหนด
MOCK-00178,2024-09-18,,รับเรื่อง,2024,9,ภาคกลาง,กฟจ.นครปฐม,PEA Contact Center,ร้องเรียน,คุณภาพไฟฟ้า,การดำเนินงาน,การแจ้งผล,ภายในกำหนด
MOCK-00179,2024-09-19,,อยู่ระหว่างดำเนินการ,2024,9,ภาคใต้,กฟจ.สงขลา,PEA Contact Center,ร้องเรียน,คุณภาพไฟฟ้า,การดำเนินงาน,การแจ้งผล,ภายในกำหนด
MOCK-00180,2024-09-20,2024-10-27,ปิดคำร้อง,2024,9,สำนักงานใหญ่,ศูนย์ประสานงานสำนักงานใหญ่,PEA Contact Center,ร้องเรียน,คุณภาพไฟฟ้า,การดำเนินงาน,การแจ้งผล,เกินกำหนด
MOCK-00181,2024-10-01,,รับเรื่อง,2024,10,ภาคเหนือ,กฟจ.เชียงใหม่,PEA Contact Center,ข้อเสนอแนะ/ข้อคิดเห็น,ช่องทางดิจิทัล,การดำเนินงาน,การแจ้งผล,เกินกำหนด
MOCK-00182,2024-10-02,,อยู่ระหว่างดำเนินการ,2024,10,ภาคตะวันออกเฉียงเหนือ,กฟจ.ขอนแก่น,PEA Contact Center,ข้อเสนอแนะ/ข้อคิดเห็น,ช่องทางดิจิทัล,การดำเนินงาน,การแจ้งผล,เกินกำหนด
MOCK-00183,2024-10-03,2024-10-07,ปิดคำร้อง,2024,10,ภาคกลาง,กฟจ.พระนครศรีอยุธยา,PEA Smart Plus,ข้อเสนอแนะ/ข้อคิดเห็น,ช่องทางดิจิทัล,การดำเนินงาน,การแจ้งผล,ภายในกำหนด
MOCK-00184,2024-10-04,,รับเรื่อง,2024,10,ภาคใต้,กฟจ.สุราษฎร์ธานี,PEA Smart Plus,ข้อเสนอแนะ/ข้อคิดเห็น,ช่องทางดิจิทัล,การดำเนินงาน,การแจ้งผล,ใกล้ครบกำหนด
MOCK-00185,2024-10-05,,อยู่ระหว่างดำเนินการ,2024,10,สำนักงานใหญ่,ศูนย์บริการสำนักงานใหญ่,PEA Smart Plus,ข้อเสนอแนะ/ข้อคิดเห็น,ช่องทางดิจิทัล,การดำเนินงาน,การแจ้งผล,ใกล้ครบกำหนด
MOCK-00186,2024-10-06,2024-10-13,ปิดคำร้อง,2024,10,ภาคเหนือ,กฟจ.เชียงราย,PEA Smart Plus,แจ้งเหตุ,อุปกรณ์ชำรุด,การดำเนินงาน,การแจ้งผล,ภายในกำหนด
MOCK-00187,2024-10-07,,รับเรื่อง,2024,10,ภาคตะวันออกเฉียงเหนือ,กฟจ.อุดรธานี,PEA Smart Plus,แจ้งเหตุ,อุปกรณ์ชำรุด,การดำเนินงาน,การแจ้งผล,ภายในกำหนด
MOCK-00188,2024-10-08,,อยู่ระหว่างดำเนินการ,2024,10,ภาคกลาง,กฟจ.นครปฐม,PEA Smart Plus,แจ้งเหตุ,อุปกรณ์ชำรุด,การดำเนินงาน,การแจ้งผล,ภายในกำหนด
MOCK-00189,2024-10-09,2024-10-19,ปิดคำร้อง,2024,10,ภาคใต้,กฟจ.สงขลา,PEA Smart Plus,แจ้งเหตุ,อุปกรณ์ชำรุด,การดำเนินงาน,การแจ้งผล,ภายในกำหนด
MOCK-00190,2024-10-10,,รับเรื่อง,2024,10,สำนักงานใหญ่,ศูนย์ประสานงานสำนักงานใหญ่,สำนักงานการไฟฟ้า,แจ้งเหตุ,อุปกรณ์ชำรุด,การดำเนินงาน,การแจ้งผล,เกินกำหนด
MOCK-00191,2024-10-11,,อยู่ระหว่างดำเนินการ,2024,10,ภาคเหนือ,กฟจ.เชียงใหม่,สำนักงานการไฟฟ้า,แจ้งเบาะแส,ความปลอดภัย,การดำเนินงาน,การแจ้งผล,เกินกำหนด
MOCK-00192,2024-10-12,2024-10-25,ปิดคำร้อง,2024,10,ภาคตะวันออกเฉียงเหนือ,กฟจ.ขอนแก่น,สำนักงานการไฟฟ้า,แจ้งเบาะแส,ความปลอดภัย,การดำเนินงาน,การแจ้งผล,ภายในกำหนด
MOCK-00193,2024-10-13,,รับเรื่อง,2024,10,ภาคกลาง,กฟจ.พระนครศรีอยุธยา,สำนักงานการไฟฟ้า,แจ้งเบาะแส,ความปลอดภัย,การดำเนินงาน,การแจ้งผล,ใกล้ครบกำหนด
MOCK-00194,2024-10-14,,อยู่ระหว่างดำเนินการ,2024,10,ภาคใต้,กฟจ.สุราษฎร์ธานี,สำนักงานการไฟฟ้า,แจ้งเบาะแส,ความปลอดภัย,การดำเนินงาน,การแจ้งผล,ใกล้ครบกำหนด
MOCK-00195,2024-10-15,2024-10-31,ปิดคำร้อง,2024,10,สำนักงานใหญ่,ศูนย์บริการสำนักงานใหญ่,สำนักงานการไฟฟ้า,แจ้งเบาะแส,ความปลอดภัย,การดำเนินงาน,การแจ้งผล,ภายในกำหนด
MOCK-00196,2024-10-16,,รับเรื่อง,2024,10,ภาคเหนือ,กฟจ.เชียงราย,สำนักงานการไฟฟ้า,ชื่นชม,การแก้ไขปัญหา,การดำเนินงาน,การแจ้งผล,ภายในกำหนด
MOCK-00197,2024-10-17,,อยู่ระหว่างดำเนินการ,2024,10,ภาคตะวันออกเฉียงเหนือ,กฟจ.อุดรธานี,เว็บไซต์,ชื่นชม,การแก้ไขปัญหา,การดำเนินงาน,การแจ้งผล,ภายในกำหนด
MOCK-00198,2024-10-18,2024-11-06,ปิดคำร้อง,2024,10,ภาคกลาง,กฟจ.นครปฐม,เว็บไซต์,ชื่นชม,การแก้ไขปัญหา,การดำเนินงาน,การแจ้งผล,ภายในกำหนด
MOCK-00199,2024-10-19,,รับเรื่อง,2024,10,ภาคใต้,กฟจ.สงขลา,เว็บไซต์,ชื่นชม,การแก้ไขปัญหา,การดำเนินงาน,การแจ้งผล,เกินกำหนด
MOCK-00200,2024-10-20,,อยู่ระหว่างดำเนินการ,2024,10,สำนักงานใหญ่,ศูนย์ประสานงานสำนักงานใหญ่,เว็บไซต์,ชื่นชม,การแก้ไขปัญหา,การดำเนินงาน,การแจ้งผล,เกินกำหนด
MOCK-00201,2024-11-01,2024-11-23,ปิดคำร้อง,2024,11,ภาคเหนือ,กฟจ.เชียงใหม่,เว็บไซต์,ร้องเรียน,การให้บริการ,การติดต่อและติดตาม,การประสานงาน,ภายในกำหนด
MOCK-00202,2024-11-02,,รับเรื่อง,2024,11,ภาคตะวันออกเฉียงเหนือ,กฟจ.ขอนแก่น,เว็บไซต์,ร้องเรียน,การให้บริการ,การติดต่อและติดตาม,การประสานงาน,ใกล้ครบกำหนด
MOCK-00203,2024-11-03,,อยู่ระหว่างดำเนินการ,2024,11,ภาคกลาง,กฟจ.พระนครศรีอยุธยา,เว็บไซต์,ร้องเรียน,การให้บริการ,การติดต่อและติดตาม,การประสานงาน,ใกล้ครบกำหนด
MOCK-00204,2024-11-04,2024-11-29,ปิดคำร้อง,2024,11,ภาคใต้,กฟจ.สุราษฎร์ธานี,อีเมล,ร้องเรียน,การให้บริการ,การติดต่อและติดตาม,การประสานงาน,ภายในกำหนด
MOCK-00205,2024-11-05,,รับเรื่อง,2024,11,สำนักงานใหญ่,ศูนย์บริการสำนักงานใหญ่,อีเมล,ร้องเรียน,การให้บริการ,การติดต่อและติดตาม,การประสานงาน,ภายในกำหนด
MOCK-00206,2024-11-06,,อยู่ระหว่างดำเนินการ,2024,11,ภาคเหนือ,กฟจ.เชียงราย,อีเมล,ข้อเสนอแนะ/ข้อคิดเห็น,พัฒนาบริการ,การติดต่อและติดตาม,การประสานงาน,ภายในกำหนด
MOCK-00207,2024-11-07,2024-12-05,ปิดคำร้อง,2024,11,ภาคตะวันออกเฉียงเหนือ,กฟจ.อุดรธานี,อีเมล,ข้อเสนอแนะ/ข้อคิดเห็น,พัฒนาบริการ,การติดต่อและติดตาม,การประสานงาน,ภายในกำหนด
MOCK-00208,2024-11-08,,รับเรื่อง,2024,11,ภาคกลาง,กฟจ.นครปฐม,อีเมล,ข้อเสนอแนะ/ข้อคิดเห็น,พัฒนาบริการ,การติดต่อและติดตาม,การประสานงาน,เกินกำหนด
MOCK-00209,2024-11-09,,อยู่ระหว่างดำเนินการ,2024,11,ภาคใต้,กฟจ.สงขลา,อีเมล,ข้อเสนอแนะ/ข้อคิดเห็น,พัฒนาบริการ,การติดต่อและติดตาม,การประสานงาน,เกินกำหนด
MOCK-00210,2024-11-10,2024-12-11,ปิดคำร้อง,2024,11,สำนักงานใหญ่,ศูนย์ประสานงานสำนักงานใหญ่,อีเมล,ข้อเสนอแนะ/ข้อคิดเห็น,พัฒนาบริการ,การติดต่อและติดตาม,การประสานงาน,เกินกำหนด
MOCK-00211,2024-11-11,,รับเรื่อง,2024,11,ภาคเหนือ,กฟจ.เชียงใหม่,PEA Contact Center,แจ้งเหตุ,ไฟฟ้าขัดข้อง,การติดต่อและติดตาม,การประสานงาน,ใกล้ครบกำหนด
MOCK-00212,2024-11-12,,อยู่ระหว่างดำเนินการ,2024,11,ภาคตะวันออกเฉียงเหนือ,กฟจ.ขอนแก่น,PEA Contact Center,แจ้งเหตุ,ไฟฟ้าขัดข้อง,การติดต่อและติดตาม,การประสานงาน,ใกล้ครบกำหนด
MOCK-00213,2024-11-13,2024-12-17,ปิดคำร้อง,2024,11,ภาคกลาง,กฟจ.พระนครศรีอยุธยา,PEA Contact Center,แจ้งเหตุ,ไฟฟ้าขัดข้อง,การติดต่อและติดตาม,การประสานงาน,เกินกำหนด
MOCK-00214,2024-11-14,,รับเรื่อง,2024,11,ภาคใต้,กฟจ.สุราษฎร์ธานี,PEA Contact Center,แจ้งเหตุ,ไฟฟ้าขัดข้อง,การติดต่อและติดตาม,การประสานงาน,ภายในกำหนด
MOCK-00215,2024-11-15,,อยู่ระหว่างดำเนินการ,2024,11,สำนักงานใหญ่,ศูนย์บริการสำนักงานใหญ่,PEA Contact Center,แจ้งเหตุ,ไฟฟ้าขัดข้อง,การติดต่อและติดตาม,การประสานงาน,ภายในกำหนด
MOCK-00216,2024-11-16,2024-12-23,ปิดคำร้อง,2024,11,ภาคเหนือ,กฟจ.เชียงราย,PEA Contact Center,แจ้งเบาะแส,การใช้ไฟฟ้า,การติดต่อและติดตาม,การประสานงาน,เกินกำหนด
MOCK-00217,2024-11-17,,รับเรื่อง,2024,11,ภาคตะวันออกเฉียงเหนือ,กฟจ.อุดรธานี,PEA Contact Center,แจ้งเบาะแส,การใช้ไฟฟ้า,การติดต่อและติดตาม,การประสานงาน,เกินกำหนด
MOCK-00218,2024-11-18,,อยู่ระหว่างดำเนินการ,2024,11,ภาคกลาง,กฟจ.นครปฐม,PEA Smart Plus,แจ้งเบาะแส,การใช้ไฟฟ้า,การติดต่อและติดตาม,การประสานงาน,เกินกำหนด
MOCK-00219,2024-11-19,2024-11-23,ปิดคำร้อง,2024,11,ภาคใต้,กฟจ.สงขลา,PEA Smart Plus,แจ้งเบาะแส,การใช้ไฟฟ้า,การติดต่อและติดตาม,การประสานงาน,ภายในกำหนด
MOCK-00220,2024-11-20,,รับเรื่อง,2024,11,สำนักงานใหญ่,ศูนย์ประสานงานสำนักงานใหญ่,PEA Smart Plus,แจ้งเบาะแส,การใช้ไฟฟ้า,การติดต่อและติดตาม,การประสานงาน,ใกล้ครบกำหนด
MOCK-00221,2024-12-01,,อยู่ระหว่างดำเนินการ,2024,12,ภาคเหนือ,กฟจ.เชียงใหม่,PEA Smart Plus,ชื่นชม,พนักงานบริการ,การติดต่อและติดตาม,การประสานงาน,ใกล้ครบกำหนด
MOCK-00222,2024-12-02,2024-12-09,ปิดคำร้อง,2024,12,ภาคตะวันออกเฉียงเหนือ,กฟจ.ขอนแก่น,PEA Smart Plus,ชื่นชม,พนักงานบริการ,การติดต่อและติดตาม,การประสานงาน,ภายในกำหนด
MOCK-00223,2024-12-03,,รับเรื่อง,2024,12,ภาคกลาง,กฟจ.พระนครศรีอยุธยา,PEA Smart Plus,ชื่นชม,พนักงานบริการ,การติดต่อและติดตาม,การประสานงาน,ภายในกำหนด
MOCK-00224,2024-12-04,,อยู่ระหว่างดำเนินการ,2024,12,ภาคใต้,กฟจ.สุราษฎร์ธานี,PEA Smart Plus,ชื่นชม,พนักงานบริการ,การติดต่อและติดตาม,การประสานงาน,ภายในกำหนด
MOCK-00225,2024-12-05,2024-12-15,ปิดคำร้อง,2024,12,สำนักงานใหญ่,ศูนย์บริการสำนักงานใหญ่,สำนักงานการไฟฟ้า,ชื่นชม,พนักงานบริการ,การติดต่อและติดตาม,การประสานงาน,ภายในกำหนด
MOCK-00226,2024-12-06,,รับเรื่อง,2024,12,ภาคเหนือ,กฟจ.เชียงราย,สำนักงานการไฟฟ้า,ร้องเรียน,คุณภาพไฟฟ้า,การติดต่อและติดตาม,การประสานงาน,เกินกำหนด
MOCK-00227,2024-12-07,,อยู่ระหว่างดำเนินการ,2024,12,ภาคตะวันออกเฉียงเหนือ,กฟจ.อุดรธานี,สำนักงานการไฟฟ้า,ร้องเรียน,คุณภาพไฟฟ้า,การติดต่อและติดตาม,การประสานงาน,เกินกำหนด
MOCK-00228,2024-12-08,2024-12-21,ปิดคำร้อง,2024,12,ภาคกลาง,กฟจ.นครปฐม,สำนักงานการไฟฟ้า,ร้องเรียน,คุณภาพไฟฟ้า,การติดต่อและติดตาม,การประสานงาน,ภายในกำหนด
MOCK-00229,2024-12-09,,รับเรื่อง,2024,12,ภาคใต้,กฟจ.สงขลา,สำนักงานการไฟฟ้า,ร้องเรียน,คุณภาพไฟฟ้า,การติดต่อและติดตาม,การประสานงาน,ใกล้ครบกำหนด
MOCK-00230,2024-12-10,,อยู่ระหว่างดำเนินการ,2024,12,สำนักงานใหญ่,ศูนย์ประสานงานสำนักงานใหญ่,สำนักงานการไฟฟ้า,ร้องเรียน,คุณภาพไฟฟ้า,การติดต่อและติดตาม,การประสานงาน,ใกล้ครบกำหนด
MOCK-00231,2024-12-11,2024-12-27,ปิดคำร้อง,2024,12,ภาคเหนือ,กฟจ.เชียงใหม่,สำนักงานการไฟฟ้า,ข้อเสนอแนะ/ข้อคิดเห็น,ช่องทางดิจิทัล,การติดต่อและติดตาม,การประสานงาน,ภายในกำหนด
MOCK-00232,2024-12-12,,รับเรื่อง,2024,12,ภาคตะวันออกเฉียงเหนือ,กฟจ.ขอนแก่น,เว็บไซต์,ข้อเสนอแนะ/ข้อคิดเห็น,ช่องทางดิจิทัล,การติดต่อและติดตาม,การประสานงาน,ภายในกำหนด
MOCK-00233,2024-12-13,,อยู่ระหว่างดำเนินการ,2024,12,ภาคกลาง,กฟจ.พระนครศรีอยุธยา,เว็บไซต์,ข้อเสนอแนะ/ข้อคิดเห็น,ช่องทางดิจิทัล,การติดต่อและติดตาม,การประสานงาน,ภายในกำหนด
MOCK-00234,2024-12-14,2025-01-02,ปิดคำร้อง,2024,12,ภาคใต้,กฟจ.สุราษฎร์ธานี,เว็บไซต์,ข้อเสนอแนะ/ข้อคิดเห็น,ช่องทางดิจิทัล,การติดต่อและติดตาม,การประสานงาน,ภายในกำหนด
MOCK-00235,2024-12-15,,รับเรื่อง,2024,12,สำนักงานใหญ่,ศูนย์บริการสำนักงานใหญ่,เว็บไซต์,ข้อเสนอแนะ/ข้อคิดเห็น,ช่องทางดิจิทัล,การติดต่อและติดตาม,การประสานงาน,เกินกำหนด
MOCK-00236,2024-12-16,,อยู่ระหว่างดำเนินการ,2024,12,ภาคเหนือ,กฟจ.เชียงราย,เว็บไซต์,แจ้งเหตุ,อุปกรณ์ชำรุด,การติดต่อและติดตาม,การประสานงาน,เกินกำหนด
MOCK-00237,2024-12-17,2025-01-08,ปิดคำร้อง,2024,12,ภาคตะวันออกเฉียงเหนือ,กฟจ.อุดรธานี,เว็บไซต์,แจ้งเหตุ,อุปกรณ์ชำรุด,การติดต่อและติดตาม,การประสานงาน,ภายในกำหนด
MOCK-00238,2024-12-18,,รับเรื่อง,2024,12,ภาคกลาง,กฟจ.นครปฐม,เว็บไซต์,แจ้งเหตุ,อุปกรณ์ชำรุด,การติดต่อและติดตาม,การประสานงาน,ใกล้ครบกำหนด
MOCK-00239,2024-12-19,,อยู่ระหว่างดำเนินการ,2024,12,ภาคใต้,กฟจ.สงขลา,อีเมล,แจ้งเหตุ,อุปกรณ์ชำรุด,การติดต่อและติดตาม,การประสานงาน,ใกล้ครบกำหนด
MOCK-00240,2024-12-20,2025-01-14,ปิดคำร้อง,2024,12,สำนักงานใหญ่,ศูนย์ประสานงานสำนักงานใหญ่,อีเมล,แจ้งเหตุ,อุปกรณ์ชำรุด,การติดต่อและติดตาม,การประสานงาน,ภายในกำหนด
MOCK-00241,2025-01-01,,รับเรื่อง,2025,1,ภาคเหนือ,กฟจ.เชียงใหม่,อีเมล,แจ้งเบาะแส,ความปลอดภัย,การติดต่อและติดตาม,การประสานงาน,ภายในกำหนด
MOCK-00242,2025-01-02,,อยู่ระหว่างดำเนินการ,2025,1,ภาคตะวันออกเฉียงเหนือ,กฟจ.ขอนแก่น,อีเมล,แจ้งเบาะแส,ความปลอดภัย,การติดต่อและติดตาม,การประสานงาน,ภายในกำหนด
MOCK-00243,2025-01-03,2025-01-31,ปิดคำร้อง,2025,1,ภาคกลาง,กฟจ.พระนครศรีอยุธยา,อีเมล,แจ้งเบาะแส,ความปลอดภัย,การติดต่อและติดตาม,การประสานงาน,ภายในกำหนด
MOCK-00244,2025-01-04,,รับเรื่อง,2025,1,ภาคใต้,กฟจ.สุราษฎร์ธานี,อีเมล,แจ้งเบาะแส,ความปลอดภัย,การติดต่อและติดตาม,การประสานงาน,เกินกำหนด
MOCK-00245,2025-01-05,,อยู่ระหว่างดำเนินการ,2025,1,สำนักงานใหญ่,ศูนย์บริการสำนักงานใหญ่,อีเมล,แจ้งเบาะแส,ความปลอดภัย,การติดต่อและติดตาม,การประสานงาน,เกินกำหนด
MOCK-00246,2025-01-06,2025-02-06,ปิดคำร้อง,2025,1,ภาคเหนือ,กฟจ.เชียงราย,PEA Contact Center,ชื่นชม,การแก้ไขปัญหา,การติดต่อและติดตาม,การประสานงาน,เกินกำหนด
MOCK-00247,2025-01-07,,รับเรื่อง,2025,1,ภาคตะวันออกเฉียงเหนือ,กฟจ.อุดรธานี,PEA Contact Center,ชื่นชม,การแก้ไขปัญหา,การติดต่อและติดตาม,การประสานงาน,ใกล้ครบกำหนด
MOCK-00248,2025-01-08,,อยู่ระหว่างดำเนินการ,2025,1,ภาคกลาง,กฟจ.นครปฐม,PEA Contact Center,ชื่นชม,การแก้ไขปัญหา,การติดต่อและติดตาม,การประสานงาน,ใกล้ครบกำหนด
MOCK-00249,2025-01-09,2025-02-12,ปิดคำร้อง,2025,1,ภาคใต้,กฟจ.สงขลา,PEA Contact Center,ชื่นชม,การแก้ไขปัญหา,การติดต่อและติดตาม,การประสานงาน,เกินกำหนด
MOCK-00250,2025-01-10,,รับเรื่อง,2025,1,สำนักงานใหญ่,ศูนย์ประสานงานสำนักงานใหญ่,PEA Contact Center,ชื่นชม,การแก้ไขปัญหา,การติดต่อและติดตาม,การประสานงาน,ภายในกำหนด
MOCK-00251,2025-01-11,,อยู่ระหว่างดำเนินการ,2025,1,ภาคเหนือ,กฟจ.เชียงใหม่,PEA Contact Center,ร้องเรียน,การให้บริการ,การดำเนินงาน,การประสานงาน,ภายในกำหนด
MOCK-00252,2025-01-12,2025-02-18,ปิดคำร้อง,2025,1,ภาคตะวันออกเฉียงเหนือ,กฟจ.ขอนแก่น,PEA Contact Center,ร้องเรียน,การให้บริการ,การดำเนินงาน,การประสานงาน,เกินกำหนด
MOCK-00253,2025-01-13,,รับเรื่อง,2025,1,ภาคกลาง,กฟจ.พระนครศรีอยุธยา,PEA Smart Plus,ร้องเรียน,การให้บริการ,การดำเนินงาน,การประสานงาน,เกินกำหนด
MOCK-00254,2025-01-14,,อยู่ระหว่างดำเนินการ,2025,1,ภาคใต้,กฟจ.สุราษฎร์ธานี,PEA Smart Plus,ร้องเรียน,การให้บริการ,การดำเนินงาน,การประสานงาน,เกินกำหนด
MOCK-00255,2025-01-15,2025-01-19,ปิดคำร้อง,2025,1,สำนักงานใหญ่,ศูนย์บริการสำนักงานใหญ่,PEA Smart Plus,ร้องเรียน,การให้บริการ,การดำเนินงาน,การประสานงาน,ภายในกำหนด
MOCK-00256,2025-01-16,,รับเรื่อง,2025,1,ภาคเหนือ,กฟจ.เชียงราย,PEA Smart Plus,ข้อเสนอแนะ/ข้อคิดเห็น,พัฒนาบริการ,การดำเนินงาน,การประสานงาน,ใกล้ครบกำหนด
MOCK-00257,2025-01-17,,อยู่ระหว่างดำเนินการ,2025,1,ภาคตะวันออกเฉียงเหนือ,กฟจ.อุดรธานี,PEA Smart Plus,ข้อเสนอแนะ/ข้อคิดเห็น,พัฒนาบริการ,การดำเนินงาน,การประสานงาน,ใกล้ครบกำหนด
MOCK-00258,2025-01-18,2025-01-25,ปิดคำร้อง,2025,1,ภาคกลาง,กฟจ.นครปฐม,PEA Smart Plus,ข้อเสนอแนะ/ข้อคิดเห็น,พัฒนาบริการ,การดำเนินงาน,การประสานงาน,ภายในกำหนด
MOCK-00259,2025-01-19,,รับเรื่อง,2025,1,ภาคใต้,กฟจ.สงขลา,PEA Smart Plus,ข้อเสนอแนะ/ข้อคิดเห็น,พัฒนาบริการ,การดำเนินงาน,การประสานงาน,ภายในกำหนด
MOCK-00260,2025-01-20,,อยู่ระหว่างดำเนินการ,2025,1,สำนักงานใหญ่,ศูนย์ประสานงานสำนักงานใหญ่,สำนักงานการไฟฟ้า,ข้อเสนอแนะ/ข้อคิดเห็น,พัฒนาบริการ,การดำเนินงาน,การประสานงาน,ภายในกำหนด
MOCK-00261,2025-02-01,2025-02-11,ปิดคำร้อง,2025,2,ภาคเหนือ,กฟจ.เชียงใหม่,สำนักงานการไฟฟ้า,แจ้งเหตุ,ไฟฟ้าขัดข้อง,การดำเนินงาน,การประสานงาน,ภายในกำหนด
MOCK-00262,2025-02-02,,รับเรื่อง,2025,2,ภาคตะวันออกเฉียงเหนือ,กฟจ.ขอนแก่น,สำนักงานการไฟฟ้า,แจ้งเหตุ,ไฟฟ้าขัดข้อง,การดำเนินงาน,การประสานงาน,เกินกำหนด
MOCK-00263,2025-02-03,,อยู่ระหว่างดำเนินการ,2025,2,ภาคกลาง,กฟจ.พระนครศรีอยุธยา,สำนักงานการไฟฟ้า,แจ้งเหตุ,ไฟฟ้าขัดข้อง,การดำเนินงาน,การประสานงาน,เกินกำหนด
MOCK-00264,2025-02-04,2025-02-17,ปิดคำร้อง,2025,2,ภาคใต้,กฟจ.สุราษฎร์ธานี,สำนักงานการไฟฟ้า,แจ้งเหตุ,ไฟฟ้าขัดข้อง,การดำเนินงาน,การประสานงาน,ภายในกำหนด
MOCK-00265,2025-02-05,,รับเรื่อง,2025,2,สำนักงานใหญ่,ศูนย์บริการสำนักงานใหญ่,สำนักงานการไฟฟ้า,แจ้งเหตุ,ไฟฟ้าขัดข้อง,การดำเนินงาน,การประสานงาน,ใกล้ครบกำหนด
MOCK-00266,2025-02-06,,อยู่ระหว่างดำเนินการ,2025,2,ภาคเหนือ,กฟจ.เชียงราย,สำนักงานการไฟฟ้า,แจ้งเบาะแส,การใช้ไฟฟ้า,การดำเนินงาน,การประสานงาน,ใกล้ครบกำหนด
MOCK-00267,2025-02-07,2025-02-23,ปิดคำร้อง,2025,2,ภาคตะวันออกเฉียงเหนือ,กฟจ.อุดรธานี,เว็บไซต์,แจ้งเบาะแส,การใช้ไฟฟ้า,การดำเนินงาน,การประสานงาน,ภายในกำหนด
MOCK-00268,2025-02-08,,รับเรื่อง,2025,2,ภาคกลาง,กฟจ.นครปฐม,เว็บไซต์,แจ้งเบาะแส,การใช้ไฟฟ้า,การดำเนินงาน,การประสานงาน,ภายในกำหนด
MOCK-00269,2025-02-09,,อยู่ระหว่างดำเนินการ,2025,2,ภาคใต้,กฟจ.สงขลา,เว็บไซต์,แจ้งเบาะแส,การใช้ไฟฟ้า,การดำเนินงาน,การประสานงาน,ภายในกำหนด
MOCK-00270,2025-02-10,2025-03-01,ปิดคำร้อง,2025,2,สำนักงานใหญ่,ศูนย์ประสานงานสำนักงานใหญ่,เว็บไซต์,แจ้งเบาะแส,การใช้ไฟฟ้า,การดำเนินงาน,การประสานงาน,ภายในกำหนด
MOCK-00271,2025-02-11,,รับเรื่อง,2025,2,ภาคเหนือ,กฟจ.เชียงใหม่,เว็บไซต์,ชื่นชม,พนักงานบริการ,การดำเนินงาน,การประสานงาน,เกินกำหนด
MOCK-00272,2025-02-12,,อยู่ระหว่างดำเนินการ,2025,2,ภาคตะวันออกเฉียงเหนือ,กฟจ.ขอนแก่น,เว็บไซต์,ชื่นชม,พนักงานบริการ,การดำเนินงาน,การประสานงาน,เกินกำหนด
MOCK-00273,2025-02-13,2025-03-07,ปิดคำร้อง,2025,2,ภาคกลาง,กฟจ.พระนครศรีอยุธยา,เว็บไซต์,ชื่นชม,พนักงานบริการ,การดำเนินงาน,การประสานงาน,ภายในกำหนด
MOCK-00274,2025-02-14,,รับเรื่อง,2025,2,ภาคใต้,กฟจ.สุราษฎร์ธานี,อีเมล,ชื่นชม,พนักงานบริการ,การดำเนินงาน,การประสานงาน,ใกล้ครบกำหนด
MOCK-00275,2025-02-15,,อยู่ระหว่างดำเนินการ,2025,2,สำนักงานใหญ่,ศูนย์บริการสำนักงานใหญ่,อีเมล,ชื่นชม,พนักงานบริการ,การดำเนินงาน,การประสานงาน,ใกล้ครบกำหนด
MOCK-00276,2025-02-16,2025-03-13,ปิดคำร้อง,2025,2,ภาคเหนือ,กฟจ.เชียงราย,อีเมล,ร้องเรียน,คุณภาพไฟฟ้า,การดำเนินงาน,การประสานงาน,ภายในกำหนด
MOCK-00277,2025-02-17,,รับเรื่อง,2025,2,ภาคตะวันออกเฉียงเหนือ,กฟจ.อุดรธานี,อีเมล,ร้องเรียน,คุณภาพไฟฟ้า,การดำเนินงาน,การประสานงาน,ภายในกำหนด
MOCK-00278,2025-02-18,,อยู่ระหว่างดำเนินการ,2025,2,ภาคกลาง,กฟจ.นครปฐม,อีเมล,ร้องเรียน,คุณภาพไฟฟ้า,การดำเนินงาน,การประสานงาน,ภายในกำหนด
MOCK-00279,2025-02-19,2025-03-19,ปิดคำร้อง,2025,2,ภาคใต้,กฟจ.สงขลา,อีเมล,ร้องเรียน,คุณภาพไฟฟ้า,การดำเนินงาน,การประสานงาน,ภายในกำหนด
MOCK-00280,2025-02-20,,รับเรื่อง,2025,2,สำนักงานใหญ่,ศูนย์ประสานงานสำนักงานใหญ่,อีเมล,ร้องเรียน,คุณภาพไฟฟ้า,การดำเนินงาน,การประสานงาน,เกินกำหนด
MOCK-00281,2025-03-01,,อยู่ระหว่างดำเนินการ,2025,3,ภาคเหนือ,กฟจ.เชียงใหม่,PEA Contact Center,ข้อเสนอแนะ/ข้อคิดเห็น,ช่องทางดิจิทัล,การดำเนินงาน,การประสานงาน,เกินกำหนด
MOCK-00282,2025-03-02,2025-04-02,ปิดคำร้อง,2025,3,ภาคตะวันออกเฉียงเหนือ,กฟจ.ขอนแก่น,PEA Contact Center,ข้อเสนอแนะ/ข้อคิดเห็น,ช่องทางดิจิทัล,การดำเนินงาน,การประสานงาน,เกินกำหนด
MOCK-00283,2025-03-03,,รับเรื่อง,2025,3,ภาคกลาง,กฟจ.พระนครศรีอยุธยา,PEA Contact Center,ข้อเสนอแนะ/ข้อคิดเห็น,ช่องทางดิจิทัล,การดำเนินงาน,การประสานงาน,ใกล้ครบกำหนด
MOCK-00284,2025-03-04,,อยู่ระหว่างดำเนินการ,2025,3,ภาคใต้,กฟจ.สุราษฎร์ธานี,PEA Contact Center,ข้อเสนอแนะ/ข้อคิดเห็น,ช่องทางดิจิทัล,การดำเนินงาน,การประสานงาน,ใกล้ครบกำหนด
MOCK-00285,2025-03-05,2025-04-08,ปิดคำร้อง,2025,3,สำนักงานใหญ่,ศูนย์บริการสำนักงานใหญ่,PEA Contact Center,ข้อเสนอแนะ/ข้อคิดเห็น,ช่องทางดิจิทัล,การดำเนินงาน,การประสานงาน,เกินกำหนด
MOCK-00286,2025-03-06,,รับเรื่อง,2025,3,ภาคเหนือ,กฟจ.เชียงราย,PEA Contact Center,แจ้งเหตุ,อุปกรณ์ชำรุด,การดำเนินงาน,การประสานงาน,ภายในกำหนด
MOCK-00287,2025-03-07,,อยู่ระหว่างดำเนินการ,2025,3,ภาคตะวันออกเฉียงเหนือ,กฟจ.อุดรธานี,PEA Contact Center,แจ้งเหตุ,อุปกรณ์ชำรุด,การดำเนินงาน,การประสานงาน,ภายในกำหนด
MOCK-00288,2025-03-08,2025-04-14,ปิดคำร้อง,2025,3,ภาคกลาง,กฟจ.นครปฐม,PEA Smart Plus,แจ้งเหตุ,อุปกรณ์ชำรุด,การดำเนินงาน,การประสานงาน,เกินกำหนด
MOCK-00289,2025-03-09,,รับเรื่อง,2025,3,ภาคใต้,กฟจ.สงขลา,PEA Smart Plus,แจ้งเหตุ,อุปกรณ์ชำรุด,การดำเนินงาน,การประสานงาน,เกินกำหนด
MOCK-00290,2025-03-10,,อยู่ระหว่างดำเนินการ,2025,3,สำนักงานใหญ่,ศูนย์ประสานงานสำนักงานใหญ่,PEA Smart Plus,แจ้งเหตุ,อุปกรณ์ชำรุด,การดำเนินงาน,การประสานงาน,เกินกำหนด
MOCK-00291,2025-03-11,2025-03-15,ปิดคำร้อง,2025,3,ภาคเหนือ,กฟจ.เชียงใหม่,PEA Smart Plus,แจ้งเบาะแส,ความปลอดภัย,การดำเนินงาน,การประสานงาน,ภายในกำหนด
MOCK-00292,2025-03-12,,รับเรื่อง,2025,3,ภาคตะวันออกเฉียงเหนือ,กฟจ.ขอนแก่น,PEA Smart Plus,แจ้งเบาะแส,ความปลอดภัย,การดำเนินงาน,การประสานงาน,ใกล้ครบกำหนด
MOCK-00293,2025-03-13,,อยู่ระหว่างดำเนินการ,2025,3,ภาคกลาง,กฟจ.พระนครศรีอยุธยา,PEA Smart Plus,แจ้งเบาะแส,ความปลอดภัย,การดำเนินงาน,การประสานงาน,ใกล้ครบกำหนด
MOCK-00294,2025-03-14,2025-03-21,ปิดคำร้อง,2025,3,ภาคใต้,กฟจ.สุราษฎร์ธานี,PEA Smart Plus,แจ้งเบาะแส,ความปลอดภัย,การดำเนินงาน,การประสานงาน,ภายในกำหนด
MOCK-00295,2025-03-15,,รับเรื่อง,2025,3,สำนักงานใหญ่,ศูนย์บริการสำนักงานใหญ่,สำนักงานการไฟฟ้า,แจ้งเบาะแส,ความปลอดภัย,การดำเนินงาน,การประสานงาน,ภายในกำหนด
MOCK-00296,2025-03-16,,อยู่ระหว่างดำเนินการ,2025,3,ภาคเหนือ,กฟจ.เชียงราย,สำนักงานการไฟฟ้า,ชื่นชม,การแก้ไขปัญหา,การดำเนินงาน,การประสานงาน,ภายในกำหนด
MOCK-00297,2025-03-17,2025-03-27,ปิดคำร้อง,2025,3,ภาคตะวันออกเฉียงเหนือ,กฟจ.อุดรธานี,สำนักงานการไฟฟ้า,ชื่นชม,การแก้ไขปัญหา,การดำเนินงาน,การประสานงาน,ภายในกำหนด
MOCK-00298,2025-03-18,,รับเรื่อง,2025,3,ภาคกลาง,กฟจ.นครปฐม,สำนักงานการไฟฟ้า,ชื่นชม,การแก้ไขปัญหา,การดำเนินงาน,การประสานงาน,เกินกำหนด
MOCK-00299,2025-03-19,,อยู่ระหว่างดำเนินการ,2025,3,ภาคใต้,กฟจ.สงขลา,สำนักงานการไฟฟ้า,ชื่นชม,การแก้ไขปัญหา,การดำเนินงาน,การประสานงาน,เกินกำหนด
MOCK-00300,2025-03-20,2025-04-02,ปิดคำร้อง,2025,3,สำนักงานใหญ่,ศูนย์ประสานงานสำนักงานใหญ่,สำนักงานการไฟฟ้า,ชื่นชม,การแก้ไขปัญหา,การดำเนินงาน,การประสานงาน,ภายในกำหนด
MOCK-00301,2025-04-01,,รับเรื่อง,2025,4,ภาคเหนือ,กฟจ.เชียงใหม่,สำนักงานการไฟฟ้า,ร้องเรียน,การให้บริการ,การติดต่อและติดตาม,การแจ้งผล,ใกล้ครบกำหนด
MOCK-00302,2025-04-02,,อยู่ระหว่างดำเนินการ,2025,4,ภาคตะวันออกเฉียงเหนือ,กฟจ.ขอนแก่น,เว็บไซต์,ร้องเรียน,การให้บริการ,การติดต่อและติดตาม,การแจ้งผล,ใกล้ครบกำหนด
MOCK-00303,2025-04-03,2025-04-19,ปิดคำร้อง,2025,4,ภาคกลาง,กฟจ.พระนครศรีอยุธยา,เว็บไซต์,ร้องเรียน,การให้บริการ,การติดต่อและติดตาม,การแจ้งผล,ภายในกำหนด
MOCK-00304,2025-04-04,,รับเรื่อง,2025,4,ภาคใต้,กฟจ.สุราษฎร์ธานี,เว็บไซต์,ร้องเรียน,การให้บริการ,การติดต่อและติดตาม,การแจ้งผล,ภายในกำหนด
MOCK-00305,2025-04-05,,อยู่ระหว่างดำเนินการ,2025,4,สำนักงานใหญ่,ศูนย์บริการสำนักงานใหญ่,เว็บไซต์,ร้องเรียน,การให้บริการ,การติดต่อและติดตาม,การแจ้งผล,ภายในกำหนด
MOCK-00306,2025-04-06,2025-04-25,ปิดคำร้อง,2025,4,ภาคเหนือ,กฟจ.เชียงราย,เว็บไซต์,ข้อเสนอแนะ/ข้อคิดเห็น,พัฒนาบริการ,การติดต่อและติดตาม,การแจ้งผล,ภายในกำหนด
MOCK-00307,2025-04-07,,รับเรื่อง,2025,4,ภาคตะวันออกเฉียงเหนือ,กฟจ.อุดรธานี,เว็บไซต์,ข้อเสนอแนะ/ข้อคิดเห็น,พัฒนาบริการ,การติดต่อและติดตาม,การแจ้งผล,เกินกำหนด
MOCK-00308,2025-04-08,,อยู่ระหว่างดำเนินการ,2025,4,ภาคกลาง,กฟจ.นครปฐม,เว็บไซต์,ข้อเสนอแนะ/ข้อคิดเห็น,พัฒนาบริการ,การติดต่อและติดตาม,การแจ้งผล,เกินกำหนด
MOCK-00309,2025-04-09,2025-05-01,ปิดคำร้อง,2025,4,ภาคใต้,กฟจ.สงขลา,อีเมล,ข้อเสนอแนะ/ข้อคิดเห็น,พัฒนาบริการ,การติดต่อและติดตาม,การแจ้งผล,ภายในกำหนด
MOCK-00310,2025-04-10,,รับเรื่อง,2025,4,สำนักงานใหญ่,ศูนย์ประสานงานสำนักงานใหญ่,อีเมล,ข้อเสนอแนะ/ข้อคิดเห็น,พัฒนาบริการ,การติดต่อและติดตาม,การแจ้งผล,ใกล้ครบกำหนด
MOCK-00311,2025-04-11,,อยู่ระหว่างดำเนินการ,2025,4,ภาคเหนือ,กฟจ.เชียงใหม่,อีเมล,แจ้งเหตุ,ไฟฟ้าขัดข้อง,การติดต่อและติดตาม,การแจ้งผล,ใกล้ครบกำหนด
MOCK-00312,2025-04-12,2025-05-07,ปิดคำร้อง,2025,4,ภาคตะวันออกเฉียงเหนือ,กฟจ.ขอนแก่น,อีเมล,แจ้งเหตุ,ไฟฟ้าขัดข้อง,การติดต่อและติดตาม,การแจ้งผล,ภายในกำหนด
MOCK-00313,2025-04-13,,รับเรื่อง,2025,4,ภาคกลาง,กฟจ.พระนครศรีอยุธยา,อีเมล,แจ้งเหตุ,ไฟฟ้าขัดข้อง,การติดต่อและติดตาม,การแจ้งผล,ภายในกำหนด
MOCK-00314,2025-04-14,,อยู่ระหว่างดำเนินการ,2025,4,ภาคใต้,กฟจ.สุราษฎร์ธานี,อีเมล,แจ้งเหตุ,ไฟฟ้าขัดข้อง,การติดต่อและติดตาม,การแจ้งผล,ภายในกำหนด
MOCK-00315,2025-04-15,2025-05-13,ปิดคำร้อง,2025,4,สำนักงานใหญ่,ศูนย์บริการสำนักงานใหญ่,อีเมล,แจ้งเหตุ,ไฟฟ้าขัดข้อง,การติดต่อและติดตาม,การแจ้งผล,ภายในกำหนด
MOCK-00316,2025-04-16,,รับเรื่อง,2025,4,ภาคเหนือ,กฟจ.เชียงราย,PEA Contact Center,แจ้งเบาะแส,การใช้ไฟฟ้า,การติดต่อและติดตาม,การแจ้งผล,เกินกำหนด
MOCK-00317,2025-04-17,,อยู่ระหว่างดำเนินการ,2025,4,ภาคตะวันออกเฉียงเหนือ,กฟจ.อุดรธานี,PEA Contact Center,แจ้งเบาะแส,การใช้ไฟฟ้า,การติดต่อและติดตาม,การแจ้งผล,เกินกำหนด
MOCK-00318,2025-04-18,2025-05-19,ปิดคำร้อง,2025,4,ภาคกลาง,กฟจ.นครปฐม,PEA Contact Center,แจ้งเบาะแส,การใช้ไฟฟ้า,การติดต่อและติดตาม,การแจ้งผล,เกินกำหนด
MOCK-00319,2025-04-19,,รับเรื่อง,2025,4,ภาคใต้,กฟจ.สงขลา,PEA Contact Center,แจ้งเบาะแส,การใช้ไฟฟ้า,การติดต่อและติดตาม,การแจ้งผล,ใกล้ครบกำหนด
MOCK-00320,2025-04-20,,อยู่ระหว่างดำเนินการ,2025,4,สำนักงานใหญ่,ศูนย์ประสานงานสำนักงานใหญ่,PEA Contact Center,แจ้งเบาะแส,การใช้ไฟฟ้า,การติดต่อและติดตาม,การแจ้งผล,ใกล้ครบกำหนด
MOCK-00321,2025-05-01,2025-06-04,ปิดคำร้อง,2025,5,ภาคเหนือ,กฟจ.เชียงใหม่,PEA Contact Center,ชื่นชม,พนักงานบริการ,การติดต่อและติดตาม,การแจ้งผล,เกินกำหนด
MOCK-00322,2025-05-02,,รับเรื่อง,2025,5,ภาคตะวันออกเฉียงเหนือ,กฟจ.ขอนแก่น,PEA Contact Center,ชื่นชม,พนักงานบริการ,การติดต่อและติดตาม,การแจ้งผล,ภายในกำหนด
MOCK-00323,2025-05-03,,อยู่ระหว่างดำเนินการ,2025,5,ภาคกลาง,กฟจ.พระนครศรีอยุธยา,PEA Smart Plus,ชื่นชม,พนักงานบริการ,การติดต่อและติดตาม,การแจ้งผล,ภายในกำหนด
MOCK-00324,2025-05-04,2025-06-10,ปิดคำร้อง,2025,5,ภาคใต้,กฟจ.สุราษฎร์ธานี,PEA Smart Plus,ชื่นชม,พนักงานบริการ,การติดต่อและติดตาม,การแจ้งผล,เกินกำหนด
MOCK-00325,2025-05-05,,รับเรื่อง,2025,5,สำนักงานใหญ่,ศูนย์บริการสำนักงานใหญ่,PEA Smart Plus,ชื่นชม,พนักงานบริการ,การติดต่อและติดตาม,การแจ้งผล,เกินกำหนด
MOCK-00326,2025-05-06,,อยู่ระหว่างดำเนินการ,2025,5,ภาคเหนือ,กฟจ.เชียงราย,PEA Smart Plus,ร้องเรียน,คุณภาพไฟฟ้า,การติดต่อและติดตาม,การแจ้งผล,เกินกำหนด
MOCK-00327,2025-05-07,2025-05-11,ปิดคำร้อง,2025,5,ภาคตะวันออกเฉียงเหนือ,กฟจ.อุดรธานี,PEA Smart Plus,ร้องเรียน,คุณภาพไฟฟ้า,การติดต่อและติดตาม,การแจ้งผล,ภายในกำหนด
MOCK-00328,2025-05-08,,รับเรื่อง,2025,5,ภาคกลาง,กฟจ.นครปฐม,PEA Smart Plus,ร้องเรียน,คุณภาพไฟฟ้า,การติดต่อและติดตาม,การแจ้งผล,ใกล้ครบกำหนด
MOCK-00329,2025-05-09,,อยู่ระหว่างดำเนินการ,2025,5,ภาคใต้,กฟจ.สงขลา,PEA Smart Plus,ร้องเรียน,คุณภาพไฟฟ้า,การติดต่อและติดตาม,การแจ้งผล,ใกล้ครบกำหนด
MOCK-00330,2025-05-10,2025-05-17,ปิดคำร้อง,2025,5,สำนักงานใหญ่,ศูนย์ประสานงานสำนักงานใหญ่,สำนักงานการไฟฟ้า,ร้องเรียน,คุณภาพไฟฟ้า,การติดต่อและติดตาม,การแจ้งผล,ภายในกำหนด
MOCK-00331,2025-05-11,,รับเรื่อง,2025,5,ภาคเหนือ,กฟจ.เชียงใหม่,สำนักงานการไฟฟ้า,ข้อเสนอแนะ/ข้อคิดเห็น,ช่องทางดิจิทัล,การติดต่อและติดตาม,การแจ้งผล,ภายในกำหนด
MOCK-00332,2025-05-12,,อยู่ระหว่างดำเนินการ,2025,5,ภาคตะวันออกเฉียงเหนือ,กฟจ.ขอนแก่น,สำนักงานการไฟฟ้า,ข้อเสนอแนะ/ข้อคิดเห็น,ช่องทางดิจิทัล,การติดต่อและติดตาม,การแจ้งผล,ภายในกำหนด
MOCK-00333,2025-05-13,2025-05-23,ปิดคำร้อง,2025,5,ภาคกลาง,กฟจ.พระนครศรีอยุธยา,สำนักงานการไฟฟ้า,ข้อเสนอแนะ/ข้อคิดเห็น,ช่องทางดิจิทัล,การติดต่อและติดตาม,การแจ้งผล,ภายในกำหนด
MOCK-00334,2025-05-14,,รับเรื่อง,2025,5,ภาคใต้,กฟจ.สุราษฎร์ธานี,สำนักงานการไฟฟ้า,ข้อเสนอแนะ/ข้อคิดเห็น,ช่องทางดิจิทัล,การติดต่อและติดตาม,การแจ้งผล,เกินกำหนด
MOCK-00335,2025-05-15,,อยู่ระหว่างดำเนินการ,2025,5,สำนักงานใหญ่,ศูนย์บริการสำนักงานใหญ่,สำนักงานการไฟฟ้า,ข้อเสนอแนะ/ข้อคิดเห็น,ช่องทางดิจิทัล,การติดต่อและติดตาม,การแจ้งผล,เกินกำหนด
MOCK-00336,2025-05-16,2025-05-29,ปิดคำร้อง,2025,5,ภาคเหนือ,กฟจ.เชียงราย,สำนักงานการไฟฟ้า,แจ้งเหตุ,อุปกรณ์ชำรุด,การติดต่อและติดตาม,การแจ้งผล,ภายในกำหนด
MOCK-00337,2025-05-17,,รับเรื่อง,2025,5,ภาคตะวันออกเฉียงเหนือ,กฟจ.อุดรธานี,เว็บไซต์,แจ้งเหตุ,อุปกรณ์ชำรุด,การติดต่อและติดตาม,การแจ้งผล,ใกล้ครบกำหนด
MOCK-00338,2025-05-18,,อยู่ระหว่างดำเนินการ,2025,5,ภาคกลาง,กฟจ.นครปฐม,เว็บไซต์,แจ้งเหตุ,อุปกรณ์ชำรุด,การติดต่อและติดตาม,การแจ้งผล,ใกล้ครบกำหนด
MOCK-00339,2025-05-19,2025-06-04,ปิดคำร้อง,2025,5,ภาคใต้,กฟจ.สงขลา,เว็บไซต์,แจ้งเหตุ,อุปกรณ์ชำรุด,การติดต่อและติดตาม,การแจ้งผล,ภายในกำหนด
MOCK-00340,2025-05-20,,รับเรื่อง,2025,5,สำนักงานใหญ่,ศูนย์ประสานงานสำนักงานใหญ่,เว็บไซต์,แจ้งเหตุ,อุปกรณ์ชำรุด,การติดต่อและติดตาม,การแจ้งผล,ภายในกำหนด
MOCK-00341,2025-06-01,,อยู่ระหว่างดำเนินการ,2025,6,ภาคเหนือ,กฟจ.เชียงใหม่,เว็บไซต์,แจ้งเบาะแส,ความปลอดภัย,การติดต่อและติดตาม,การแจ้งผล,ภายในกำหนด
MOCK-00342,2025-06-02,2025-06-21,ปิดคำร้อง,2025,6,ภาคตะวันออกเฉียงเหนือ,กฟจ.ขอนแก่น,เว็บไซต์,แจ้งเบาะแส,ความปลอดภัย,การติดต่อและติดตาม,การแจ้งผล,ภายในกำหนด
MOCK-00343,2025-06-03,,รับเรื่อง,2025,6,ภาคกลาง,กฟจ.พระนครศรีอยุธยา,เว็บไซต์,แจ้งเบาะแส,ความปลอดภัย,การติดต่อและติดตาม,การแจ้งผล,เกินกำหนด
MOCK-00344,2025-06-04,,อยู่ระหว่างดำเนินการ,2025,6,ภาคใต้,กฟจ.สุราษฎร์ธานี,อีเมล,แจ้งเบาะแส,ความปลอดภัย,การติดต่อและติดตาม,การแจ้งผล,เกินกำหนด
MOCK-00345,2025-06-05,2025-06-27,ปิดคำร้อง,2025,6,สำนักงานใหญ่,ศูนย์บริการสำนักงานใหญ่,อีเมล,แจ้งเบาะแส,ความปลอดภัย,การติดต่อและติดตาม,การแจ้งผล,ภายในกำหนด
MOCK-00346,2025-06-06,,รับเรื่อง,2025,6,ภาคเหนือ,กฟจ.เชียงราย,อีเมล,ชื่นชม,การแก้ไขปัญหา,การติดต่อและติดตาม,การแจ้งผล,ใกล้ครบกำหนด
MOCK-00347,2025-06-07,,อยู่ระหว่างดำเนินการ,2025,6,ภาคตะวันออกเฉียงเหนือ,กฟจ.อุดรธานี,อีเมล,ชื่นชม,การแก้ไขปัญหา,การติดต่อและติดตาม,การแจ้งผล,ใกล้ครบกำหนด
MOCK-00348,2025-06-08,2025-07-03,ปิดคำร้อง,2025,6,ภาคกลาง,กฟจ.นครปฐม,อีเมล,ชื่นชม,การแก้ไขปัญหา,การติดต่อและติดตาม,การแจ้งผล,ภายในกำหนด
MOCK-00349,2025-06-09,,รับเรื่อง,2025,6,ภาคใต้,กฟจ.สงขลา,อีเมล,ชื่นชม,การแก้ไขปัญหา,การติดต่อและติดตาม,การแจ้งผล,ภายในกำหนด
MOCK-00350,2025-06-10,,อยู่ระหว่างดำเนินการ,2025,6,สำนักงานใหญ่,ศูนย์ประสานงานสำนักงานใหญ่,อีเมล,ชื่นชม,การแก้ไขปัญหา,การติดต่อและติดตาม,การแจ้งผล,ภายในกำหนด
MOCK-00351,2025-06-11,2025-07-09,ปิดคำร้อง,2025,6,ภาคเหนือ,กฟจ.เชียงใหม่,PEA Contact Center,ร้องเรียน,การให้บริการ,การดำเนินงาน,การแจ้งผล,ภายในกำหนด
MOCK-00352,2025-06-12,,รับเรื่อง,2025,6,ภาคตะวันออกเฉียงเหนือ,กฟจ.ขอนแก่น,PEA Contact Center,ร้องเรียน,การให้บริการ,การดำเนินงาน,การแจ้งผล,เกินกำหนด
MOCK-00353,2025-06-13,,อยู่ระหว่างดำเนินการ,2025,6,ภาคกลาง,กฟจ.พระนครศรีอยุธยา,PEA Contact Center,ร้องเรียน,การให้บริการ,การดำเนินงาน,การแจ้งผล,เกินกำหนด
MOCK-00354,2025-06-14,2025-07-15,ปิดคำร้อง,2025,6,ภาคใต้,กฟจ.สุราษฎร์ธานี,PEA Contact Center,ร้องเรียน,การให้บริการ,การดำเนินงาน,การแจ้งผล,เกินกำหนด
MOCK-00355,2025-06-15,,รับเรื่อง,2025,6,สำนักงานใหญ่,ศูนย์บริการสำนักงานใหญ่,PEA Contact Center,ร้องเรียน,การให้บริการ,การดำเนินงาน,การแจ้งผล,ใกล้ครบกำหนด
MOCK-00356,2025-06-16,,อยู่ระหว่างดำเนินการ,2025,6,ภาคเหนือ,กฟจ.เชียงราย,PEA Contact Center,ข้อเสนอแนะ/ข้อคิดเห็น,พัฒนาบริการ,การดำเนินงาน,การแจ้งผล,ใกล้ครบกำหนด
MOCK-00357,2025-06-17,2025-07-21,ปิดคำร้อง,2025,6,ภาคตะวันออกเฉียงเหนือ,กฟจ.อุดรธานี,PEA Contact Center,ข้อเสนอแนะ/ข้อคิดเห็น,พัฒนาบริการ,การดำเนินงาน,การแจ้งผล,เกินกำหนด
MOCK-00358,2025-06-18,,รับเรื่อง,2025,6,ภาคกลาง,กฟจ.นครปฐม,PEA Smart Plus,ข้อเสนอแนะ/ข้อคิดเห็น,พัฒนาบริการ,การดำเนินงาน,การแจ้งผล,ภายในกำหนด
MOCK-00359,2025-06-19,,อยู่ระหว่างดำเนินการ,2025,6,ภาคใต้,กฟจ.สงขลา,PEA Smart Plus,ข้อเสนอแนะ/ข้อคิดเห็น,พัฒนาบริการ,การดำเนินงาน,การแจ้งผล,ภายในกำหนด
MOCK-00360,2025-06-20,2025-07-27,ปิดคำร้อง,2025,6,สำนักงานใหญ่,ศูนย์ประสานงานสำนักงานใหญ่,PEA Smart Plus,ข้อเสนอแนะ/ข้อคิดเห็น,พัฒนาบริการ,การดำเนินงาน,การแจ้งผล,เกินกำหนด
MOCK-00361,2025-07-01,,รับเรื่อง,2025,7,ภาคเหนือ,กฟจ.เชียงใหม่,PEA Smart Plus,แจ้งเหตุ,ไฟฟ้าขัดข้อง,การดำเนินงาน,การแจ้งผล,เกินกำหนด
MOCK-00362,2025-07-02,,อยู่ระหว่างดำเนินการ,2025,7,ภาคตะวันออกเฉียงเหนือ,กฟจ.ขอนแก่น,PEA Smart Plus,แจ้งเหตุ,ไฟฟ้าขัดข้อง,การดำเนินงาน,การแจ้งผล,เกินกำหนด
MOCK-00363,2025-07-03,2025-07-07,ปิดคำร้อง,2025,7,ภาคกลาง,กฟจ.พระนครศรีอยุธยา,PEA Smart Plus,แจ้งเหตุ,ไฟฟ้าขัดข้อง,การดำเนินงาน,การแจ้งผล,ภายในกำหนด
MOCK-00364,2025-07-04,,รับเรื่อง,2025,7,ภาคใต้,กฟจ.สุราษฎร์ธานี,PEA Smart Plus,แจ้งเหตุ,ไฟฟ้าขัดข้อง,การดำเนินงาน,การแจ้งผล,ใกล้ครบกำหนด
MOCK-00365,2025-07-05,,อยู่ระหว่างดำเนินการ,2025,7,สำนักงานใหญ่,ศูนย์บริการสำนักงานใหญ่,สำนักงานการไฟฟ้า,แจ้งเหตุ,ไฟฟ้าขัดข้อง,การดำเนินงาน,การแจ้งผล,ใกล้ครบกำหนด
MOCK-00366,2025-07-06,2025-07-13,ปิดคำร้อง,2025,7,ภาคเหนือ,กฟจ.เชียงราย,สำนักงานการไฟฟ้า,แจ้งเบาะแส,การใช้ไฟฟ้า,การดำเนินงาน,การแจ้งผล,ภายในกำหนด
MOCK-00367,2025-07-07,,รับเรื่อง,2025,7,ภาคตะวันออกเฉียงเหนือ,กฟจ.อุดรธานี,สำนักงานการไฟฟ้า,แจ้งเบาะแส,การใช้ไฟฟ้า,การดำเนินงาน,การแจ้งผล,ภายในกำหนด
MOCK-00368,2025-07-08,,อยู่ระหว่างดำเนินการ,2025,7,ภาคกลาง,กฟจ.นครปฐม,สำนักงานการไฟฟ้า,แจ้งเบาะแส,การใช้ไฟฟ้า,การดำเนินงาน,การแจ้งผล,ภายในกำหนด
MOCK-00369,2025-07-09,2025-07-19,ปิดคำร้อง,2025,7,ภาคใต้,กฟจ.สงขลา,สำนักงานการไฟฟ้า,แจ้งเบาะแส,การใช้ไฟฟ้า,การดำเนินงาน,การแจ้งผล,ภายในกำหนด
MOCK-00370,2025-07-10,,รับเรื่อง,2025,7,สำนักงานใหญ่,ศูนย์ประสานงานสำนักงานใหญ่,สำนักงานการไฟฟ้า,แจ้งเบาะแส,การใช้ไฟฟ้า,การดำเนินงาน,การแจ้งผล,เกินกำหนด
MOCK-00371,2025-07-11,,อยู่ระหว่างดำเนินการ,2025,7,ภาคเหนือ,กฟจ.เชียงใหม่,สำนักงานการไฟฟ้า,ชื่นชม,พนักงานบริการ,การดำเนินงาน,การแจ้งผล,เกินกำหนด
MOCK-00372,2025-07-12,2025-07-25,ปิดคำร้อง,2025,7,ภาคตะวันออกเฉียงเหนือ,กฟจ.ขอนแก่น,เว็บไซต์,ชื่นชม,พนักงานบริการ,การดำเนินงาน,การแจ้งผล,ภายในกำหนด
MOCK-00373,2025-07-13,,รับเรื่อง,2025,7,ภาคกลาง,กฟจ.พระนครศรีอยุธยา,เว็บไซต์,ชื่นชม,พนักงานบริการ,การดำเนินงาน,การแจ้งผล,ใกล้ครบกำหนด
MOCK-00374,2025-07-14,,อยู่ระหว่างดำเนินการ,2025,7,ภาคใต้,กฟจ.สุราษฎร์ธานี,เว็บไซต์,ชื่นชม,พนักงานบริการ,การดำเนินงาน,การแจ้งผล,ใกล้ครบกำหนด
MOCK-00375,2025-07-15,2025-07-31,ปิดคำร้อง,2025,7,สำนักงานใหญ่,ศูนย์บริการสำนักงานใหญ่,เว็บไซต์,ชื่นชม,พนักงานบริการ,การดำเนินงาน,การแจ้งผล,ภายในกำหนด
MOCK-00376,2025-07-16,,รับเรื่อง,2025,7,ภาคเหนือ,กฟจ.เชียงราย,เว็บไซต์,ร้องเรียน,คุณภาพไฟฟ้า,การดำเนินงาน,การแจ้งผล,ภายในกำหนด
MOCK-00377,2025-07-17,,อยู่ระหว่างดำเนินการ,2025,7,ภาคตะวันออกเฉียงเหนือ,กฟจ.อุดรธานี,เว็บไซต์,ร้องเรียน,คุณภาพไฟฟ้า,การดำเนินงาน,การแจ้งผล,ภายในกำหนด
MOCK-00378,2025-07-18,2025-08-06,ปิดคำร้อง,2025,7,ภาคกลาง,กฟจ.นครปฐม,เว็บไซต์,ร้องเรียน,คุณภาพไฟฟ้า,การดำเนินงาน,การแจ้งผล,ภายในกำหนด
MOCK-00379,2025-07-19,,รับเรื่อง,2025,7,ภาคใต้,กฟจ.สงขลา,อีเมล,ร้องเรียน,คุณภาพไฟฟ้า,การดำเนินงาน,การแจ้งผล,เกินกำหนด
MOCK-00380,2025-07-20,,อยู่ระหว่างดำเนินการ,2025,7,สำนักงานใหญ่,ศูนย์ประสานงานสำนักงานใหญ่,อีเมล,ร้องเรียน,คุณภาพไฟฟ้า,การดำเนินงาน,การแจ้งผล,เกินกำหนด
MOCK-00381,2025-08-01,2025-08-23,ปิดคำร้อง,2025,8,ภาคเหนือ,กฟจ.เชียงใหม่,อีเมล,ข้อเสนอแนะ/ข้อคิดเห็น,ช่องทางดิจิทัล,การดำเนินงาน,การแจ้งผล,ภายในกำหนด
MOCK-00382,2025-08-02,,รับเรื่อง,2025,8,ภาคตะวันออกเฉียงเหนือ,กฟจ.ขอนแก่น,อีเมล,ข้อเสนอแนะ/ข้อคิดเห็น,ช่องทางดิจิทัล,การดำเนินงาน,การแจ้งผล,ใกล้ครบกำหนด
MOCK-00383,2025-08-03,,อยู่ระหว่างดำเนินการ,2025,8,ภาคกลาง,กฟจ.พระนครศรีอยุธยา,อีเมล,ข้อเสนอแนะ/ข้อคิดเห็น,ช่องทางดิจิทัล,การดำเนินงาน,การแจ้งผล,ใกล้ครบกำหนด
MOCK-00384,2025-08-04,2025-08-29,ปิดคำร้อง,2025,8,ภาคใต้,กฟจ.สุราษฎร์ธานี,อีเมล,ข้อเสนอแนะ/ข้อคิดเห็น,ช่องทางดิจิทัล,การดำเนินงาน,การแจ้งผล,ภายในกำหนด
MOCK-00385,2025-08-05,,รับเรื่อง,2025,8,สำนักงานใหญ่,ศูนย์บริการสำนักงานใหญ่,อีเมล,ข้อเสนอแนะ/ข้อคิดเห็น,ช่องทางดิจิทัล,การดำเนินงาน,การแจ้งผล,ภายในกำหนด
MOCK-00386,2025-08-06,,อยู่ระหว่างดำเนินการ,2025,8,ภาคเหนือ,กฟจ.เชียงราย,PEA Contact Center,แจ้งเหตุ,อุปกรณ์ชำรุด,การดำเนินงาน,การแจ้งผล,ภายในกำหนด
MOCK-00387,2025-08-07,2025-09-04,ปิดคำร้อง,2025,8,ภาคตะวันออกเฉียงเหนือ,กฟจ.อุดรธานี,PEA Contact Center,แจ้งเหตุ,อุปกรณ์ชำรุด,การดำเนินงาน,การแจ้งผล,ภายในกำหนด
MOCK-00388,2025-08-08,,รับเรื่อง,2025,8,ภาคกลาง,กฟจ.นครปฐม,PEA Contact Center,แจ้งเหตุ,อุปกรณ์ชำรุด,การดำเนินงาน,การแจ้งผล,เกินกำหนด
MOCK-00389,2025-08-09,,อยู่ระหว่างดำเนินการ,2025,8,ภาคใต้,กฟจ.สงขลา,PEA Contact Center,แจ้งเหตุ,อุปกรณ์ชำรุด,การดำเนินงาน,การแจ้งผล,เกินกำหนด
MOCK-00390,2025-08-10,2025-09-10,ปิดคำร้อง,2025,8,สำนักงานใหญ่,ศูนย์ประสานงานสำนักงานใหญ่,PEA Contact Center,แจ้งเหตุ,อุปกรณ์ชำรุด,การดำเนินงาน,การแจ้งผล,เกินกำหนด
MOCK-00391,2025-08-11,,รับเรื่อง,2025,8,ภาคเหนือ,กฟจ.เชียงใหม่,PEA Contact Center,แจ้งเบาะแส,ความปลอดภัย,การดำเนินงาน,การแจ้งผล,ใกล้ครบกำหนด
MOCK-00392,2025-08-12,,อยู่ระหว่างดำเนินการ,2025,8,ภาคตะวันออกเฉียงเหนือ,กฟจ.ขอนแก่น,PEA Contact Center,แจ้งเบาะแส,ความปลอดภัย,การดำเนินงาน,การแจ้งผล,ใกล้ครบกำหนด
MOCK-00393,2025-08-13,2025-09-16,ปิดคำร้อง,2025,8,ภาคกลาง,กฟจ.พระนครศรีอยุธยา,PEA Smart Plus,แจ้งเบาะแส,ความปลอดภัย,การดำเนินงาน,การแจ้งผล,เกินกำหนด
MOCK-00394,2025-08-14,,รับเรื่อง,2025,8,ภาคใต้,กฟจ.สุราษฎร์ธานี,PEA Smart Plus,แจ้งเบาะแส,ความปลอดภัย,การดำเนินงาน,การแจ้งผล,ภายในกำหนด
MOCK-00395,2025-08-15,,อยู่ระหว่างดำเนินการ,2025,8,สำนักงานใหญ่,ศูนย์บริการสำนักงานใหญ่,PEA Smart Plus,แจ้งเบาะแส,ความปลอดภัย,การดำเนินงาน,การแจ้งผล,ภายในกำหนด
MOCK-00396,2025-08-16,2025-09-22,ปิดคำร้อง,2025,8,ภาคเหนือ,กฟจ.เชียงราย,PEA Smart Plus,ชื่นชม,การแก้ไขปัญหา,การดำเนินงาน,การแจ้งผล,เกินกำหนด
MOCK-00397,2025-08-17,,รับเรื่อง,2025,8,ภาคตะวันออกเฉียงเหนือ,กฟจ.อุดรธานี,PEA Smart Plus,ชื่นชม,การแก้ไขปัญหา,การดำเนินงาน,การแจ้งผล,เกินกำหนด
MOCK-00398,2025-08-18,,อยู่ระหว่างดำเนินการ,2025,8,ภาคกลาง,กฟจ.นครปฐม,PEA Smart Plus,ชื่นชม,การแก้ไขปัญหา,การดำเนินงาน,การแจ้งผล,เกินกำหนด
MOCK-00399,2025-08-19,2025-08-23,ปิดคำร้อง,2025,8,ภาคใต้,กฟจ.สงขลา,PEA Smart Plus,ชื่นชม,การแก้ไขปัญหา,การดำเนินงาน,การแจ้งผล,ภายในกำหนด
MOCK-00400,2025-08-20,,รับเรื่อง,2025,8,สำนักงานใหญ่,ศูนย์ประสานงานสำนักงานใหญ่,สำนักงานการไฟฟ้า,ชื่นชม,การแก้ไขปัญหา,การดำเนินงาน,การแจ้งผล,ใกล้ครบกำหนด
MOCK-00401,2025-09-01,,อยู่ระหว่างดำเนินการ,2025,9,ภาคเหนือ,กฟจ.เชียงใหม่,สำนักงานการไฟฟ้า,ร้องเรียน,การให้บริการ,การติดต่อและติดตาม,การประสานงาน,ใกล้ครบกำหนด
MOCK-00402,2025-09-02,2025-09-09,ปิดคำร้อง,2025,9,ภาคตะวันออกเฉียงเหนือ,กฟจ.ขอนแก่น,สำนักงานการไฟฟ้า,ร้องเรียน,การให้บริการ,การติดต่อและติดตาม,การประสานงาน,ภายในกำหนด
MOCK-00403,2025-09-03,,รับเรื่อง,2025,9,ภาคกลาง,กฟจ.พระนครศรีอยุธยา,สำนักงานการไฟฟ้า,ร้องเรียน,การให้บริการ,การติดต่อและติดตาม,การประสานงาน,ภายในกำหนด
MOCK-00404,2025-09-04,,อยู่ระหว่างดำเนินการ,2025,9,ภาคใต้,กฟจ.สุราษฎร์ธานี,สำนักงานการไฟฟ้า,ร้องเรียน,การให้บริการ,การติดต่อและติดตาม,การประสานงาน,ภายในกำหนด
MOCK-00405,2025-09-05,2025-09-15,ปิดคำร้อง,2025,9,สำนักงานใหญ่,ศูนย์บริการสำนักงานใหญ่,สำนักงานการไฟฟ้า,ร้องเรียน,การให้บริการ,การติดต่อและติดตาม,การประสานงาน,ภายในกำหนด
MOCK-00406,2025-09-06,,รับเรื่อง,2025,9,ภาคเหนือ,กฟจ.เชียงราย,สำนักงานการไฟฟ้า,ข้อเสนอแนะ/ข้อคิดเห็น,พัฒนาบริการ,การติดต่อและติดตาม,การประสานงาน,เกินกำหนด
MOCK-00407,2025-09-07,,อยู่ระหว่างดำเนินการ,2025,9,ภาคตะวันออกเฉียงเหนือ,กฟจ.อุดรธานี,เว็บไซต์,ข้อเสนอแนะ/ข้อคิดเห็น,พัฒนาบริการ,การติดต่อและติดตาม,การประสานงาน,เกินกำหนด
MOCK-00408,2025-09-08,2025-09-21,ปิดคำร้อง,2025,9,ภาคกลาง,กฟจ.นครปฐม,เว็บไซต์,ข้อเสนอแนะ/ข้อคิดเห็น,พัฒนาบริการ,การติดต่อและติดตาม,การประสานงาน,ภายในกำหนด
MOCK-00409,2025-09-09,,รับเรื่อง,2025,9,ภาคใต้,กฟจ.สงขลา,เว็บไซต์,ข้อเสนอแนะ/ข้อคิดเห็น,พัฒนาบริการ,การติดต่อและติดตาม,การประสานงาน,ใกล้ครบกำหนด
MOCK-00410,2025-09-10,,อยู่ระหว่างดำเนินการ,2025,9,สำนักงานใหญ่,ศูนย์ประสานงานสำนักงานใหญ่,เว็บไซต์,ข้อเสนอแนะ/ข้อคิดเห็น,พัฒนาบริการ,การติดต่อและติดตาม,การประสานงาน,ใกล้ครบกำหนด
MOCK-00411,2025-09-11,2025-09-27,ปิดคำร้อง,2025,9,ภาคเหนือ,กฟจ.เชียงใหม่,เว็บไซต์,แจ้งเหตุ,ไฟฟ้าขัดข้อง,การติดต่อและติดตาม,การประสานงาน,ภายในกำหนด
MOCK-00412,2025-09-12,,รับเรื่อง,2025,9,ภาคตะวันออกเฉียงเหนือ,กฟจ.ขอนแก่น,เว็บไซต์,แจ้งเหตุ,ไฟฟ้าขัดข้อง,การติดต่อและติดตาม,การประสานงาน,ภายในกำหนด
MOCK-00413,2025-09-13,,อยู่ระหว่างดำเนินการ,2025,9,ภาคกลาง,กฟจ.พระนครศรีอยุธยา,เว็บไซต์,แจ้งเหตุ,ไฟฟ้าขัดข้อง,การติดต่อและติดตาม,การประสานงาน,ภายในกำหนด
MOCK-00414,2025-09-14,2025-10-03,ปิดคำร้อง,2025,9,ภาคใต้,กฟจ.สุราษฎร์ธานี,อีเมล,แจ้งเหตุ,ไฟฟ้าขัดข้อง,การติดต่อและติดตาม,การประสานงาน,ภายในกำหนด
MOCK-00415,2025-09-15,,รับเรื่อง,2025,9,สำนักงานใหญ่,ศูนย์บริการสำนักงานใหญ่,อีเมล,แจ้งเหตุ,ไฟฟ้าขัดข้อง,การติดต่อและติดตาม,การประสานงาน,เกินกำหนด
MOCK-00416,2025-09-16,,อยู่ระหว่างดำเนินการ,2025,9,ภาคเหนือ,กฟจ.เชียงราย,อีเมล,แจ้งเบาะแส,การใช้ไฟฟ้า,การติดต่อและติดตาม,การประสานงาน,เกินกำหนด
MOCK-00417,2025-09-17,2025-10-09,ปิดคำร้อง,2025,9,ภาคตะวันออกเฉียงเหนือ,กฟจ.อุดรธานี,อีเมล,แจ้งเบาะแส,การใช้ไฟฟ้า,การติดต่อและติดตาม,การประสานงาน,ภายในกำหนด
MOCK-00418,2025-09-18,,รับเรื่อง,2025,9,ภาคกลาง,กฟจ.นครปฐม,อีเมล,แจ้งเบาะแส,การใช้ไฟฟ้า,การติดต่อและติดตาม,การประสานงาน,ใกล้ครบกำหนด
MOCK-00419,2025-09-19,,อยู่ระหว่างดำเนินการ,2025,9,ภาคใต้,กฟจ.สงขลา,อีเมล,แจ้งเบาะแส,การใช้ไฟฟ้า,การติดต่อและติดตาม,การประสานงาน,ใกล้ครบกำหนด
MOCK-00420,2025-09-20,2025-10-15,ปิดคำร้อง,2025,9,สำนักงานใหญ่,ศูนย์ประสานงานสำนักงานใหญ่,อีเมล,แจ้งเบาะแส,การใช้ไฟฟ้า,การติดต่อและติดตาม,การประสานงาน,ภายในกำหนด
MOCK-00421,2025-10-01,,รับเรื่อง,2025,10,ภาคเหนือ,กฟจ.เชียงใหม่,PEA Contact Center,ชื่นชม,พนักงานบริการ,การติดต่อและติดตาม,การประสานงาน,ภายในกำหนด
MOCK-00422,2025-10-02,,อยู่ระหว่างดำเนินการ,2025,10,ภาคตะวันออกเฉียงเหนือ,กฟจ.ขอนแก่น,PEA Contact Center,ชื่นชม,พนักงานบริการ,การติดต่อและติดตาม,การประสานงาน,ภายในกำหนด
MOCK-00423,2025-10-03,2025-10-31,ปิดคำร้อง,2025,10,ภาคกลาง,กฟจ.พระนครศรีอยุธยา,PEA Contact Center,ชื่นชม,พนักงานบริการ,การติดต่อและติดตาม,การประสานงาน,ภายในกำหนด
MOCK-00424,2025-10-04,,รับเรื่อง,2025,10,ภาคใต้,กฟจ.สุราษฎร์ธานี,PEA Contact Center,ชื่นชม,พนักงานบริการ,การติดต่อและติดตาม,การประสานงาน,เกินกำหนด
MOCK-00425,2025-10-05,,อยู่ระหว่างดำเนินการ,2025,10,สำนักงานใหญ่,ศูนย์บริการสำนักงานใหญ่,PEA Contact Center,ชื่นชม,พนักงานบริการ,การติดต่อและติดตาม,การประสานงาน,เกินกำหนด
MOCK-00426,2025-10-06,2025-11-06,ปิดคำร้อง,2025,10,ภาคเหนือ,กฟจ.เชียงราย,PEA Contact Center,ร้องเรียน,คุณภาพไฟฟ้า,การติดต่อและติดตาม,การประสานงาน,เกินกำหนด
MOCK-00427,2025-10-07,,รับเรื่อง,2025,10,ภาคตะวันออกเฉียงเหนือ,กฟจ.อุดรธานี,PEA Contact Center,ร้องเรียน,คุณภาพไฟฟ้า,การติดต่อและติดตาม,การประสานงาน,ใกล้ครบกำหนด
MOCK-00428,2025-10-08,,อยู่ระหว่างดำเนินการ,2025,10,ภาคกลาง,กฟจ.นครปฐม,PEA Smart Plus,ร้องเรียน,คุณภาพไฟฟ้า,การติดต่อและติดตาม,การประสานงาน,ใกล้ครบกำหนด
MOCK-00429,2025-10-09,2025-11-12,ปิดคำร้อง,2025,10,ภาคใต้,กฟจ.สงขลา,PEA Smart Plus,ร้องเรียน,คุณภาพไฟฟ้า,การติดต่อและติดตาม,การประสานงาน,เกินกำหนด
MOCK-00430,2025-10-10,,รับเรื่อง,2025,10,สำนักงานใหญ่,ศูนย์ประสานงานสำนักงานใหญ่,PEA Smart Plus,ร้องเรียน,คุณภาพไฟฟ้า,การติดต่อและติดตาม,การประสานงาน,ภายในกำหนด
MOCK-00431,2025-10-11,,อยู่ระหว่างดำเนินการ,2025,10,ภาคเหนือ,กฟจ.เชียงใหม่,PEA Smart Plus,ข้อเสนอแนะ/ข้อคิดเห็น,ช่องทางดิจิทัล,การติดต่อและติดตาม,การประสานงาน,ภายในกำหนด
MOCK-00432,2025-10-12,2025-11-18,ปิดคำร้อง,2025,10,ภาคตะวันออกเฉียงเหนือ,กฟจ.ขอนแก่น,PEA Smart Plus,ข้อเสนอแนะ/ข้อคิดเห็น,ช่องทางดิจิทัล,การติดต่อและติดตาม,การประสานงาน,เกินกำหนด
MOCK-00433,2025-10-13,,รับเรื่อง,2025,10,ภาคกลาง,กฟจ.พระนครศรีอยุธยา,PEA Smart Plus,ข้อเสนอแนะ/ข้อคิดเห็น,ช่องทางดิจิทัล,การติดต่อและติดตาม,การประสานงาน,เกินกำหนด
MOCK-00434,2025-10-14,,อยู่ระหว่างดำเนินการ,2025,10,ภาคใต้,กฟจ.สุราษฎร์ธานี,PEA Smart Plus,ข้อเสนอแนะ/ข้อคิดเห็น,ช่องทางดิจิทัล,การติดต่อและติดตาม,การประสานงาน,เกินกำหนด
MOCK-00435,2025-10-15,2025-10-19,ปิดคำร้อง,2025,10,สำนักงานใหญ่,ศูนย์บริการสำนักงานใหญ่,สำนักงานการไฟฟ้า,ข้อเสนอแนะ/ข้อคิดเห็น,ช่องทางดิจิทัล,การติดต่อและติดตาม,การประสานงาน,ภายในกำหนด
MOCK-00436,2025-10-16,,รับเรื่อง,2025,10,ภาคเหนือ,กฟจ.เชียงราย,สำนักงานการไฟฟ้า,แจ้งเหตุ,อุปกรณ์ชำรุด,การติดต่อและติดตาม,การประสานงาน,ใกล้ครบกำหนด
MOCK-00437,2025-10-17,,อยู่ระหว่างดำเนินการ,2025,10,ภาคตะวันออกเฉียงเหนือ,กฟจ.อุดรธานี,สำนักงานการไฟฟ้า,แจ้งเหตุ,อุปกรณ์ชำรุด,การติดต่อและติดตาม,การประสานงาน,ใกล้ครบกำหนด
MOCK-00438,2025-10-18,2025-10-25,ปิดคำร้อง,2025,10,ภาคกลาง,กฟจ.นครปฐม,สำนักงานการไฟฟ้า,แจ้งเหตุ,อุปกรณ์ชำรุด,การติดต่อและติดตาม,การประสานงาน,ภายในกำหนด
MOCK-00439,2025-10-19,,รับเรื่อง,2025,10,ภาคใต้,กฟจ.สงขลา,สำนักงานการไฟฟ้า,แจ้งเหตุ,อุปกรณ์ชำรุด,การติดต่อและติดตาม,การประสานงาน,ภายในกำหนด
MOCK-00440,2025-10-20,,อยู่ระหว่างดำเนินการ,2025,10,สำนักงานใหญ่,ศูนย์ประสานงานสำนักงานใหญ่,สำนักงานการไฟฟ้า,แจ้งเหตุ,อุปกรณ์ชำรุด,การติดต่อและติดตาม,การประสานงาน,ภายในกำหนด
MOCK-00441,2025-11-01,2025-11-11,ปิดคำร้อง,2025,11,ภาคเหนือ,กฟจ.เชียงใหม่,สำนักงานการไฟฟ้า,แจ้งเบาะแส,ความปลอดภัย,การติดต่อและติดตาม,การประสานงาน,ภายในกำหนด
MOCK-00442,2025-11-02,,รับเรื่อง,2025,11,ภาคตะวันออกเฉียงเหนือ,กฟจ.ขอนแก่น,เว็บไซต์,แจ้งเบาะแส,ความปลอดภัย,การติดต่อและติดตาม,การประสานงาน,เกินกำหนด
MOCK-00443,2025-11-03,,อยู่ระหว่างดำเนินการ,2025,11,ภาคกลาง,กฟจ.พระนครศรีอยุธยา,เว็บไซต์,แจ้งเบาะแส,ความปลอดภัย,การติดต่อและติดตาม,การประสานงาน,เกินกำหนด
MOCK-00444,2025-11-04,2025-11-17,ปิดคำร้อง,2025,11,ภาคใต้,กฟจ.สุราษฎร์ธานี,เว็บไซต์,แจ้งเบาะแส,ความปลอดภัย,การติดต่อและติดตาม,การประสานงาน,ภายในกำหนด
MOCK-00445,2025-11-05,,รับเรื่อง,2025,11,สำนักงานใหญ่,ศูนย์บริการสำนักงานใหญ่,เว็บไซต์,แจ้งเบาะแส,ความปลอดภัย,การติดต่อและติดตาม,การประสานงาน,ใกล้ครบกำหนด
MOCK-00446,2025-11-06,,อยู่ระหว่างดำเนินการ,2025,11,ภาคเหนือ,กฟจ.เชียงราย,เว็บไซต์,ชื่นชม,การแก้ไขปัญหา,การติดต่อและติดตาม,การประสานงาน,ใกล้ครบกำหนด
MOCK-00447,2025-11-07,2025-11-23,ปิดคำร้อง,2025,11,ภาคตะวันออกเฉียงเหนือ,กฟจ.อุดรธานี,เว็บไซต์,ชื่นชม,การแก้ไขปัญหา,การติดต่อและติดตาม,การประสานงาน,ภายในกำหนด
MOCK-00448,2025-11-08,,รับเรื่อง,2025,11,ภาคกลาง,กฟจ.นครปฐม,เว็บไซต์,ชื่นชม,การแก้ไขปัญหา,การติดต่อและติดตาม,การประสานงาน,ภายในกำหนด
MOCK-00449,2025-11-09,,อยู่ระหว่างดำเนินการ,2025,11,ภาคใต้,กฟจ.สงขลา,อีเมล,ชื่นชม,การแก้ไขปัญหา,การติดต่อและติดตาม,การประสานงาน,ภายในกำหนด
MOCK-00450,2025-11-10,2025-11-29,ปิดคำร้อง,2025,11,สำนักงานใหญ่,ศูนย์ประสานงานสำนักงานใหญ่,อีเมล,ชื่นชม,การแก้ไขปัญหา,การติดต่อและติดตาม,การประสานงาน,ภายในกำหนด
MOCK-00451,2025-11-11,,รับเรื่อง,2025,11,ภาคเหนือ,กฟจ.เชียงใหม่,อีเมล,ร้องเรียน,การให้บริการ,การดำเนินงาน,การประสานงาน,เกินกำหนด
MOCK-00452,2025-11-12,,อยู่ระหว่างดำเนินการ,2025,11,ภาคตะวันออกเฉียงเหนือ,กฟจ.ขอนแก่น,อีเมล,ร้องเรียน,การให้บริการ,การดำเนินงาน,การประสานงาน,เกินกำหนด
MOCK-00453,2025-11-13,2025-12-05,ปิดคำร้อง,2025,11,ภาคกลาง,กฟจ.พระนครศรีอยุธยา,อีเมล,ร้องเรียน,การให้บริการ,การดำเนินงาน,การประสานงาน,ภายในกำหนด
MOCK-00454,2025-11-14,,รับเรื่อง,2025,11,ภาคใต้,กฟจ.สุราษฎร์ธานี,อีเมล,ร้องเรียน,การให้บริการ,การดำเนินงาน,การประสานงาน,ใกล้ครบกำหนด
MOCK-00455,2025-11-15,,อยู่ระหว่างดำเนินการ,2025,11,สำนักงานใหญ่,ศูนย์บริการสำนักงานใหญ่,อีเมล,ร้องเรียน,การให้บริการ,การดำเนินงาน,การประสานงาน,ใกล้ครบกำหนด
MOCK-00456,2025-11-16,2025-12-11,ปิดคำร้อง,2025,11,ภาคเหนือ,กฟจ.เชียงราย,PEA Contact Center,ข้อเสนอแนะ/ข้อคิดเห็น,พัฒนาบริการ,การดำเนินงาน,การประสานงาน,ภายในกำหนด
MOCK-00457,2025-11-17,,รับเรื่อง,2025,11,ภาคตะวันออกเฉียงเหนือ,กฟจ.อุดรธานี,PEA Contact Center,ข้อเสนอแนะ/ข้อคิดเห็น,พัฒนาบริการ,การดำเนินงาน,การประสานงาน,ภายในกำหนด
MOCK-00458,2025-11-18,,อยู่ระหว่างดำเนินการ,2025,11,ภาคกลาง,กฟจ.นครปฐม,PEA Contact Center,ข้อเสนอแนะ/ข้อคิดเห็น,พัฒนาบริการ,การดำเนินงาน,การประสานงาน,ภายในกำหนด
MOCK-00459,2025-11-19,2025-12-17,ปิดคำร้อง,2025,11,ภาคใต้,กฟจ.สงขลา,PEA Contact Center,ข้อเสนอแนะ/ข้อคิดเห็น,พัฒนาบริการ,การดำเนินงาน,การประสานงาน,ภายในกำหนด
MOCK-00460,2025-11-20,,รับเรื่อง,2025,11,สำนักงานใหญ่,ศูนย์ประสานงานสำนักงานใหญ่,PEA Contact Center,ข้อเสนอแนะ/ข้อคิดเห็น,พัฒนาบริการ,การดำเนินงาน,การประสานงาน,เกินกำหนด
MOCK-00461,2025-12-01,,อยู่ระหว่างดำเนินการ,2025,12,ภาคเหนือ,กฟจ.เชียงใหม่,PEA Contact Center,แจ้งเหตุ,ไฟฟ้าขัดข้อง,การดำเนินงาน,การประสานงาน,เกินกำหนด
MOCK-00462,2025-12-02,2026-01-02,ปิดคำร้อง,2025,12,ภาคตะวันออกเฉียงเหนือ,กฟจ.ขอนแก่น,PEA Contact Center,แจ้งเหตุ,ไฟฟ้าขัดข้อง,การดำเนินงาน,การประสานงาน,เกินกำหนด
MOCK-00463,2025-12-03,,รับเรื่อง,2025,12,ภาคกลาง,กฟจ.พระนครศรีอยุธยา,PEA Smart Plus,แจ้งเหตุ,ไฟฟ้าขัดข้อง,การดำเนินงาน,การประสานงาน,ใกล้ครบกำหนด
MOCK-00464,2025-12-04,,อยู่ระหว่างดำเนินการ,2025,12,ภาคใต้,กฟจ.สุราษฎร์ธานี,PEA Smart Plus,แจ้งเหตุ,ไฟฟ้าขัดข้อง,การดำเนินงาน,การประสานงาน,ใกล้ครบกำหนด
MOCK-00465,2025-12-05,2026-01-08,ปิดคำร้อง,2025,12,สำนักงานใหญ่,ศูนย์บริการสำนักงานใหญ่,PEA Smart Plus,แจ้งเหตุ,ไฟฟ้าขัดข้อง,การดำเนินงาน,การประสานงาน,เกินกำหนด
MOCK-00466,2025-12-06,,รับเรื่อง,2025,12,ภาคเหนือ,กฟจ.เชียงราย,PEA Smart Plus,แจ้งเบาะแส,การใช้ไฟฟ้า,การดำเนินงาน,การประสานงาน,ภายในกำหนด
MOCK-00467,2025-12-07,,อยู่ระหว่างดำเนินการ,2025,12,ภาคตะวันออกเฉียงเหนือ,กฟจ.อุดรธานี,PEA Smart Plus,แจ้งเบาะแส,การใช้ไฟฟ้า,การดำเนินงาน,การประสานงาน,ภายในกำหนด
MOCK-00468,2025-12-08,2026-01-14,ปิดคำร้อง,2025,12,ภาคกลาง,กฟจ.นครปฐม,PEA Smart Plus,แจ้งเบาะแส,การใช้ไฟฟ้า,การดำเนินงาน,การประสานงาน,เกินกำหนด
MOCK-00469,2025-12-09,,รับเรื่อง,2025,12,ภาคใต้,กฟจ.สงขลา,PEA Smart Plus,แจ้งเบาะแส,การใช้ไฟฟ้า,การดำเนินงาน,การประสานงาน,เกินกำหนด
MOCK-00470,2025-12-10,,อยู่ระหว่างดำเนินการ,2025,12,สำนักงานใหญ่,ศูนย์ประสานงานสำนักงานใหญ่,สำนักงานการไฟฟ้า,แจ้งเบาะแส,การใช้ไฟฟ้า,การดำเนินงาน,การประสานงาน,เกินกำหนด
MOCK-00471,2025-12-11,2025-12-15,ปิดคำร้อง,2025,12,ภาคเหนือ,กฟจ.เชียงใหม่,สำนักงานการไฟฟ้า,ชื่นชม,พนักงานบริการ,การดำเนินงาน,การประสานงาน,ภายในกำหนด
MOCK-00472,2025-12-12,,รับเรื่อง,2025,12,ภาคตะวันออกเฉียงเหนือ,กฟจ.ขอนแก่น,สำนักงานการไฟฟ้า,ชื่นชม,พนักงานบริการ,การดำเนินงาน,การประสานงาน,ใกล้ครบกำหนด
MOCK-00473,2025-12-13,,อยู่ระหว่างดำเนินการ,2025,12,ภาคกลาง,กฟจ.พระนครศรีอยุธยา,สำนักงานการไฟฟ้า,ชื่นชม,พนักงานบริการ,การดำเนินงาน,การประสานงาน,ใกล้ครบกำหนด
MOCK-00474,2025-12-14,2025-12-21,ปิดคำร้อง,2025,12,ภาคใต้,กฟจ.สุราษฎร์ธานี,สำนักงานการไฟฟ้า,ชื่นชม,พนักงานบริการ,การดำเนินงาน,การประสานงาน,ภายในกำหนด
MOCK-00475,2025-12-15,,รับเรื่อง,2025,12,สำนักงานใหญ่,ศูนย์บริการสำนักงานใหญ่,สำนักงานการไฟฟ้า,ชื่นชม,พนักงานบริการ,การดำเนินงาน,การประสานงาน,ภายในกำหนด
MOCK-00476,2025-12-16,,อยู่ระหว่างดำเนินการ,2025,12,ภาคเหนือ,กฟจ.เชียงราย,สำนักงานการไฟฟ้า,ร้องเรียน,คุณภาพไฟฟ้า,การดำเนินงาน,การประสานงาน,ภายในกำหนด
MOCK-00477,2025-12-17,2025-12-27,ปิดคำร้อง,2025,12,ภาคตะวันออกเฉียงเหนือ,กฟจ.อุดรธานี,เว็บไซต์,ร้องเรียน,คุณภาพไฟฟ้า,การดำเนินงาน,การประสานงาน,ภายในกำหนด
MOCK-00478,2025-12-18,,รับเรื่อง,2025,12,ภาคกลาง,กฟจ.นครปฐม,เว็บไซต์,ร้องเรียน,คุณภาพไฟฟ้า,การดำเนินงาน,การประสานงาน,เกินกำหนด
MOCK-00479,2025-12-19,,อยู่ระหว่างดำเนินการ,2025,12,ภาคใต้,กฟจ.สงขลา,เว็บไซต์,ร้องเรียน,คุณภาพไฟฟ้า,การดำเนินงาน,การประสานงาน,เกินกำหนด
MOCK-00480,2025-12-20,2026-01-02,ปิดคำร้อง,2025,12,สำนักงานใหญ่,ศูนย์ประสานงานสำนักงานใหญ่,เว็บไซต์,ร้องเรียน,คุณภาพไฟฟ้า,การดำเนินงาน,การประสานงาน,ภายในกำหนด
MOCK-00481,2026-01-01,,รับเรื่อง,2026,1,ภาคเหนือ,กฟจ.เชียงใหม่,เว็บไซต์,ข้อเสนอแนะ/ข้อคิดเห็น,ช่องทางดิจิทัล,การดำเนินงาน,การประสานงาน,ใกล้ครบกำหนด
MOCK-00482,2026-01-02,,อยู่ระหว่างดำเนินการ,2026,1,ภาคตะวันออกเฉียงเหนือ,กฟจ.ขอนแก่น,เว็บไซต์,ข้อเสนอแนะ/ข้อคิดเห็น,ช่องทางดิจิทัล,การดำเนินงาน,การประสานงาน,ใกล้ครบกำหนด
MOCK-00483,2026-01-03,2026-01-19,ปิดคำร้อง,2026,1,ภาคกลาง,กฟจ.พระนครศรีอยุธยา,เว็บไซต์,ข้อเสนอแนะ/ข้อคิดเห็น,ช่องทางดิจิทัล,การดำเนินงาน,การประสานงาน,ภายในกำหนด
MOCK-00484,2026-01-04,,รับเรื่อง,2026,1,ภาคใต้,กฟจ.สุราษฎร์ธานี,อีเมล,ข้อเสนอแนะ/ข้อคิดเห็น,ช่องทางดิจิทัล,การดำเนินงาน,การประสานงาน,ภายในกำหนด
MOCK-00485,2026-01-05,,อยู่ระหว่างดำเนินการ,2026,1,สำนักงานใหญ่,ศูนย์บริการสำนักงานใหญ่,อีเมล,ข้อเสนอแนะ/ข้อคิดเห็น,ช่องทางดิจิทัล,การดำเนินงาน,การประสานงาน,ภายในกำหนด
MOCK-00486,2026-01-06,2026-01-25,ปิดคำร้อง,2026,1,ภาคเหนือ,กฟจ.เชียงราย,อีเมล,แจ้งเหตุ,อุปกรณ์ชำรุด,การดำเนินงาน,การประสานงาน,ภายในกำหนด
MOCK-00487,2026-01-07,,รับเรื่อง,2026,1,ภาคตะวันออกเฉียงเหนือ,กฟจ.อุดรธานี,อีเมล,แจ้งเหตุ,อุปกรณ์ชำรุด,การดำเนินงาน,การประสานงาน,เกินกำหนด
MOCK-00488,2026-01-08,,อยู่ระหว่างดำเนินการ,2026,1,ภาคกลาง,กฟจ.นครปฐม,อีเมล,แจ้งเหตุ,อุปกรณ์ชำรุด,การดำเนินงาน,การประสานงาน,เกินกำหนด
MOCK-00489,2026-01-09,2026-01-31,ปิดคำร้อง,2026,1,ภาคใต้,กฟจ.สงขลา,อีเมล,แจ้งเหตุ,อุปกรณ์ชำรุด,การดำเนินงาน,การประสานงาน,ภายในกำหนด
MOCK-00490,2026-01-10,,รับเรื่อง,2026,1,สำนักงานใหญ่,ศูนย์ประสานงานสำนักงานใหญ่,อีเมล,แจ้งเหตุ,อุปกรณ์ชำรุด,การดำเนินงาน,การประสานงาน,ใกล้ครบกำหนด
MOCK-00491,2026-01-11,,อยู่ระหว่างดำเนินการ,2026,1,ภาคเหนือ,กฟจ.เชียงใหม่,PEA Contact Center,แจ้งเบาะแส,ความปลอดภัย,การดำเนินงาน,การประสานงาน,ใกล้ครบกำหนด
MOCK-00492,2026-01-12,2026-02-06,ปิดคำร้อง,2026,1,ภาคตะวันออกเฉียงเหนือ,กฟจ.ขอนแก่น,PEA Contact Center,แจ้งเบาะแส,ความปลอดภัย,การดำเนินงาน,การประสานงาน,ภายในกำหนด
MOCK-00493,2026-01-13,,รับเรื่อง,2026,1,ภาคกลาง,กฟจ.พระนครศรีอยุธยา,PEA Contact Center,แจ้งเบาะแส,ความปลอดภัย,การดำเนินงาน,การประสานงาน,ภายในกำหนด
MOCK-00494,2026-01-14,,อยู่ระหว่างดำเนินการ,2026,1,ภาคใต้,กฟจ.สุราษฎร์ธานี,PEA Contact Center,แจ้งเบาะแส,ความปลอดภัย,การดำเนินงาน,การประสานงาน,ภายในกำหนด
MOCK-00495,2026-01-15,2026-02-12,ปิดคำร้อง,2026,1,สำนักงานใหญ่,ศูนย์บริการสำนักงานใหญ่,PEA Contact Center,แจ้งเบาะแส,ความปลอดภัย,การดำเนินงาน,การประสานงาน,ภายในกำหนด
MOCK-00496,2026-01-16,,รับเรื่อง,2026,1,ภาคเหนือ,กฟจ.เชียงราย,PEA Contact Center,ชื่นชม,การแก้ไขปัญหา,การดำเนินงาน,การประสานงาน,เกินกำหนด
MOCK-00497,2026-01-17,,อยู่ระหว่างดำเนินการ,2026,1,ภาคตะวันออกเฉียงเหนือ,กฟจ.อุดรธานี,PEA Contact Center,ชื่นชม,การแก้ไขปัญหา,การดำเนินงาน,การประสานงาน,เกินกำหนด
MOCK-00498,2026-01-18,2026-02-18,ปิดคำร้อง,2026,1,ภาคกลาง,กฟจ.นครปฐม,PEA Smart Plus,ชื่นชม,การแก้ไขปัญหา,การดำเนินงาน,การประสานงาน,เกินกำหนด
MOCK-00499,2026-01-19,,รับเรื่อง,2026,1,ภาคใต้,กฟจ.สงขลา,PEA Smart Plus,ชื่นชม,การแก้ไขปัญหา,การดำเนินงาน,การประสานงาน,ใกล้ครบกำหนด
MOCK-00500,2026-01-20,,อยู่ระหว่างดำเนินการ,2026,1,สำนักงานใหญ่,ศูนย์ประสานงานสำนักงานใหญ่,PEA Smart Plus,ชื่นชม,การแก้ไขปัญหา,การดำเนินงาน,การประสานงาน,ใกล้ครบกำหนด
MOCK-00501,2026-02-01,2026-03-07,ปิดคำร้อง,2026,2,ภาคเหนือ,กฟจ.เชียงใหม่,PEA Smart Plus,ร้องเรียน,การให้บริการ,การติดต่อและติดตาม,การแจ้งผล,เกินกำหนด
MOCK-00502,2026-02-02,,รับเรื่อง,2026,2,ภาคตะวันออกเฉียงเหนือ,กฟจ.ขอนแก่น,PEA Smart Plus,ร้องเรียน,การให้บริการ,การติดต่อและติดตาม,การแจ้งผล,ภายในกำหนด
MOCK-00503,2026-02-03,,อยู่ระหว่างดำเนินการ,2026,2,ภาคกลาง,กฟจ.พระนครศรีอยุธยา,PEA Smart Plus,ร้องเรียน,การให้บริการ,การติดต่อและติดตาม,การแจ้งผล,ภายในกำหนด
MOCK-00504,2026-02-04,2026-03-13,ปิดคำร้อง,2026,2,ภาคใต้,กฟจ.สุราษฎร์ธานี,PEA Smart Plus,ร้องเรียน,การให้บริการ,การติดต่อและติดตาม,การแจ้งผล,เกินกำหนด
MOCK-00505,2026-02-05,,รับเรื่อง,2026,2,สำนักงานใหญ่,ศูนย์บริการสำนักงานใหญ่,สำนักงานการไฟฟ้า,ร้องเรียน,การให้บริการ,การติดต่อและติดตาม,การแจ้งผล,เกินกำหนด
MOCK-00506,2026-02-06,,อยู่ระหว่างดำเนินการ,2026,2,ภาคเหนือ,กฟจ.เชียงราย,สำนักงานการไฟฟ้า,ข้อเสนอแนะ/ข้อคิดเห็น,พัฒนาบริการ,การติดต่อและติดตาม,การแจ้งผล,เกินกำหนด
MOCK-00507,2026-02-07,2026-02-11,ปิดคำร้อง,2026,2,ภาคตะวันออกเฉียงเหนือ,กฟจ.อุดรธานี,สำนักงานการไฟฟ้า,ข้อเสนอแนะ/ข้อคิดเห็น,พัฒนาบริการ,การติดต่อและติดตาม,การแจ้งผล,ภายในกำหนด
MOCK-00508,2026-02-08,,รับเรื่อง,2026,2,ภาคกลาง,กฟจ.นครปฐม,สำนักงานการไฟฟ้า,ข้อเสนอแนะ/ข้อคิดเห็น,พัฒนาบริการ,การติดต่อและติดตาม,การแจ้งผล,ใกล้ครบกำหนด
MOCK-00509,2026-02-09,,อยู่ระหว่างดำเนินการ,2026,2,ภาคใต้,กฟจ.สงขลา,สำนักงานการไฟฟ้า,ข้อเสนอแนะ/ข้อคิดเห็น,พัฒนาบริการ,การติดต่อและติดตาม,การแจ้งผล,ใกล้ครบกำหนด
MOCK-00510,2026-02-10,2026-02-17,ปิดคำร้อง,2026,2,สำนักงานใหญ่,ศูนย์ประสานงานสำนักงานใหญ่,สำนักงานการไฟฟ้า,ข้อเสนอแนะ/ข้อคิดเห็น,พัฒนาบริการ,การติดต่อและติดตาม,การแจ้งผล,ภายในกำหนด
MOCK-00511,2026-02-11,,รับเรื่อง,2026,2,ภาคเหนือ,กฟจ.เชียงใหม่,สำนักงานการไฟฟ้า,แจ้งเหตุ,ไฟฟ้าขัดข้อง,การติดต่อและติดตาม,การแจ้งผล,ภายในกำหนด
MOCK-00512,2026-02-12,,อยู่ระหว่างดำเนินการ,2026,2,ภาคตะวันออกเฉียงเหนือ,กฟจ.ขอนแก่น,เว็บไซต์,แจ้งเหตุ,ไฟฟ้าขัดข้อง,การติดต่อและติดตาม,การแจ้งผล,ภายในกำหนด
MOCK-00513,2026-02-13,2026-02-23,ปิดคำร้อง,2026,2,ภาคกลาง,กฟจ.พระนครศรีอยุธยา,เว็บไซต์,แจ้งเหตุ,ไฟฟ้าขัดข้อง,การติดต่อและติดตาม,การแจ้งผล,ภายในกำหนด
MOCK-00514,2026-02-14,,รับเรื่อง,2026,2,ภาคใต้,กฟจ.สุราษฎร์ธานี,เว็บไซต์,แจ้งเหตุ,ไฟฟ้าขัดข้อง,การติดต่อและติดตาม,การแจ้งผล,เกินกำหนด
MOCK-00515,2026-02-15,,อยู่ระหว่างดำเนินการ,2026,2,สำนักงานใหญ่,ศูนย์บริการสำนักงานใหญ่,เว็บไซต์,แจ้งเหตุ,ไฟฟ้าขัดข้อง,การติดต่อและติดตาม,การแจ้งผล,เกินกำหนด
MOCK-00516,2026-02-16,2026-03-01,ปิดคำร้อง,2026,2,ภาคเหนือ,กฟจ.เชียงราย,เว็บไซต์,แจ้งเบาะแส,การใช้ไฟฟ้า,การติดต่อและติดตาม,การแจ้งผล,ภายในกำหนด
MOCK-00517,2026-02-17,,รับเรื่อง,2026,2,ภาคตะวันออกเฉียงเหนือ,กฟจ.อุดรธานี,เว็บไซต์,แจ้งเบาะแส,การใช้ไฟฟ้า,การติดต่อและติดตาม,การแจ้งผล,ใกล้ครบกำหนด
MOCK-00518,2026-02-18,,อยู่ระหว่างดำเนินการ,2026,2,ภาคกลาง,กฟจ.นครปฐม,เว็บไซต์,แจ้งเบาะแส,การใช้ไฟฟ้า,การติดต่อและติดตาม,การแจ้งผล,ใกล้ครบกำหนด
MOCK-00519,2026-02-19,2026-03-07,ปิดคำร้อง,2026,2,ภาคใต้,กฟจ.สงขลา,อีเมล,แจ้งเบาะแส,การใช้ไฟฟ้า,การติดต่อและติดตาม,การแจ้งผล,ภายในกำหนด
MOCK-00520,2026-02-20,,รับเรื่อง,2026,2,สำนักงานใหญ่,ศูนย์ประสานงานสำนักงานใหญ่,อีเมล,แจ้งเบาะแส,การใช้ไฟฟ้า,การติดต่อและติดตาม,การแจ้งผล,ภายในกำหนด
MOCK-00521,2026-03-01,,อยู่ระหว่างดำเนินการ,2026,3,ภาคเหนือ,กฟจ.เชียงใหม่,อีเมล,ชื่นชม,พนักงานบริการ,การติดต่อและติดตาม,การแจ้งผล,ภายในกำหนด
MOCK-00522,2026-03-02,2026-03-21,ปิดคำร้อง,2026,3,ภาคตะวันออกเฉียงเหนือ,กฟจ.ขอนแก่น,อีเมล,ชื่นชม,พนักงานบริการ,การติดต่อและติดตาม,การแจ้งผล,ภายในกำหนด
MOCK-00523,2026-03-03,,รับเรื่อง,2026,3,ภาคกลาง,กฟจ.พระนครศรีอยุธยา,อีเมล,ชื่นชม,พนักงานบริการ,การติดต่อและติดตาม,การแจ้งผล,เกินกำหนด
MOCK-00524,2026-03-04,,อยู่ระหว่างดำเนินการ,2026,3,ภาคใต้,กฟจ.สุราษฎร์ธานี,อีเมล,ชื่นชม,พนักงานบริการ,การติดต่อและติดตาม,การแจ้งผล,เกินกำหนด
MOCK-00525,2026-03-05,2026-03-27,ปิดคำร้อง,2026,3,สำนักงานใหญ่,ศูนย์บริการสำนักงานใหญ่,อีเมล,ชื่นชม,พนักงานบริการ,การติดต่อและติดตาม,การแจ้งผล,ภายในกำหนด
MOCK-00526,2026-03-06,,รับเรื่อง,2026,3,ภาคเหนือ,กฟจ.เชียงราย,PEA Contact Center,ร้องเรียน,คุณภาพไฟฟ้า,การติดต่อและติดตาม,การแจ้งผล,ใกล้ครบกำหนด
MOCK-00527,2026-03-07,,อยู่ระหว่างดำเนินการ,2026,3,ภาคตะวันออกเฉียงเหนือ,กฟจ.อุดรธานี,PEA Contact Center,ร้องเรียน,คุณภาพไฟฟ้า,การติดต่อและติดตาม,การแจ้งผล,ใกล้ครบกำหนด
MOCK-00528,2026-03-08,2026-04-02,ปิดคำร้อง,2026,3,ภาคกลาง,กฟจ.นครปฐม,PEA Contact Center,ร้องเรียน,คุณภาพไฟฟ้า,การติดต่อและติดตาม,การแจ้งผล,ภายในกำหนด
MOCK-00529,2026-03-09,,รับเรื่อง,2026,3,ภาคใต้,กฟจ.สงขลา,PEA Contact Center,ร้องเรียน,คุณภาพไฟฟ้า,การติดต่อและติดตาม,การแจ้งผล,ภายในกำหนด
MOCK-00530,2026-03-10,,อยู่ระหว่างดำเนินการ,2026,3,สำนักงานใหญ่,ศูนย์ประสานงานสำนักงานใหญ่,PEA Contact Center,ร้องเรียน,คุณภาพไฟฟ้า,การติดต่อและติดตาม,การแจ้งผล,ภายในกำหนด
MOCK-00531,2026-03-11,2026-04-08,ปิดคำร้อง,2026,3,ภาคเหนือ,กฟจ.เชียงใหม่,PEA Contact Center,ข้อเสนอแนะ/ข้อคิดเห็น,ช่องทางดิจิทัล,การติดต่อและติดตาม,การแจ้งผล,ภายในกำหนด
MOCK-00532,2026-03-12,,รับเรื่อง,2026,3,ภาคตะวันออกเฉียงเหนือ,กฟจ.ขอนแก่น,PEA Contact Center,ข้อเสนอแนะ/ข้อคิดเห็น,ช่องทางดิจิทัล,การติดต่อและติดตาม,การแจ้งผล,เกินกำหนด
MOCK-00533,2026-03-13,,อยู่ระหว่างดำเนินการ,2026,3,ภาคกลาง,กฟจ.พระนครศรีอยุธยา,PEA Smart Plus,ข้อเสนอแนะ/ข้อคิดเห็น,ช่องทางดิจิทัล,การติดต่อและติดตาม,การแจ้งผล,เกินกำหนด
MOCK-00534,2026-03-14,2026-04-14,ปิดคำร้อง,2026,3,ภาคใต้,กฟจ.สุราษฎร์ธานี,PEA Smart Plus,ข้อเสนอแนะ/ข้อคิดเห็น,ช่องทางดิจิทัล,การติดต่อและติดตาม,การแจ้งผล,เกินกำหนด
MOCK-00535,2026-03-15,,รับเรื่อง,2026,3,สำนักงานใหญ่,ศูนย์บริการสำนักงานใหญ่,PEA Smart Plus,ข้อเสนอแนะ/ข้อคิดเห็น,ช่องทางดิจิทัล,การติดต่อและติดตาม,การแจ้งผล,ใกล้ครบกำหนด
MOCK-00536,2026-03-16,,อยู่ระหว่างดำเนินการ,2026,3,ภาคเหนือ,กฟจ.เชียงราย,PEA Smart Plus,แจ้งเหตุ,อุปกรณ์ชำรุด,การติดต่อและติดตาม,การแจ้งผล,ใกล้ครบกำหนด
MOCK-00537,2026-03-17,2026-04-20,ปิดคำร้อง,2026,3,ภาคตะวันออกเฉียงเหนือ,กฟจ.อุดรธานี,PEA Smart Plus,แจ้งเหตุ,อุปกรณ์ชำรุด,การติดต่อและติดตาม,การแจ้งผล,เกินกำหนด
MOCK-00538,2026-03-18,,รับเรื่อง,2026,3,ภาคกลาง,กฟจ.นครปฐม,PEA Smart Plus,แจ้งเหตุ,อุปกรณ์ชำรุด,การติดต่อและติดตาม,การแจ้งผล,ภายในกำหนด
MOCK-00539,2026-03-19,,อยู่ระหว่างดำเนินการ,2026,3,ภาคใต้,กฟจ.สงขลา,PEA Smart Plus,แจ้งเหตุ,อุปกรณ์ชำรุด,การติดต่อและติดตาม,การแจ้งผล,ภายในกำหนด
MOCK-00540,2026-03-20,2026-04-26,ปิดคำร้อง,2026,3,สำนักงานใหญ่,ศูนย์ประสานงานสำนักงานใหญ่,สำนักงานการไฟฟ้า,แจ้งเหตุ,อุปกรณ์ชำรุด,การติดต่อและติดตาม,การแจ้งผล,เกินกำหนด
MOCK-00541,2026-04-01,,รับเรื่อง,2026,4,ภาคเหนือ,กฟจ.เชียงใหม่,สำนักงานการไฟฟ้า,แจ้งเบาะแส,ความปลอดภัย,การติดต่อและติดตาม,การแจ้งผล,เกินกำหนด
MOCK-00542,2026-04-02,,อยู่ระหว่างดำเนินการ,2026,4,ภาคตะวันออกเฉียงเหนือ,กฟจ.ขอนแก่น,สำนักงานการไฟฟ้า,แจ้งเบาะแส,ความปลอดภัย,การติดต่อและติดตาม,การแจ้งผล,เกินกำหนด
MOCK-00543,2026-04-03,2026-04-07,ปิดคำร้อง,2026,4,ภาคกลาง,กฟจ.พระนครศรีอยุธยา,สำนักงานการไฟฟ้า,แจ้งเบาะแส,ความปลอดภัย,การติดต่อและติดตาม,การแจ้งผล,ภายในกำหนด
MOCK-00544,2026-04-04,,รับเรื่อง,2026,4,ภาคใต้,กฟจ.สุราษฎร์ธานี,สำนักงานการไฟฟ้า,แจ้งเบาะแส,ความปลอดภัย,การติดต่อและติดตาม,การแจ้งผล,ใกล้ครบกำหนด
MOCK-00545,2026-04-05,,อยู่ระหว่างดำเนินการ,2026,4,สำนักงานใหญ่,ศูนย์บริการสำนักงานใหญ่,สำนักงานการไฟฟ้า,แจ้งเบาะแส,ความปลอดภัย,การติดต่อและติดตาม,การแจ้งผล,ใกล้ครบกำหนด
MOCK-00546,2026-04-06,2026-04-13,ปิดคำร้อง,2026,4,ภาคเหนือ,กฟจ.เชียงราย,สำนักงานการไฟฟ้า,ชื่นชม,การแก้ไขปัญหา,การติดต่อและติดตาม,การแจ้งผล,ภายในกำหนด
MOCK-00547,2026-04-07,,รับเรื่อง,2026,4,ภาคตะวันออกเฉียงเหนือ,กฟจ.อุดรธานี,เว็บไซต์,ชื่นชม,การแก้ไขปัญหา,การติดต่อและติดตาม,การแจ้งผล,ภายในกำหนด
MOCK-00548,2026-04-08,,อยู่ระหว่างดำเนินการ,2026,4,ภาคกลาง,กฟจ.นครปฐม,เว็บไซต์,ชื่นชม,การแก้ไขปัญหา,การติดต่อและติดตาม,การแจ้งผล,ภายในกำหนด
MOCK-00549,2026-04-09,2026-04-19,ปิดคำร้อง,2026,4,ภาคใต้,กฟจ.สงขลา,เว็บไซต์,ชื่นชม,การแก้ไขปัญหา,การติดต่อและติดตาม,การแจ้งผล,ภายในกำหนด
MOCK-00550,2026-04-10,,รับเรื่อง,2026,4,สำนักงานใหญ่,ศูนย์ประสานงานสำนักงานใหญ่,เว็บไซต์,ชื่นชม,การแก้ไขปัญหา,การติดต่อและติดตาม,การแจ้งผล,เกินกำหนด
MOCK-00551,2026-04-11,,อยู่ระหว่างดำเนินการ,2026,4,ภาคเหนือ,กฟจ.เชียงใหม่,เว็บไซต์,ร้องเรียน,การให้บริการ,การดำเนินงาน,การแจ้งผล,เกินกำหนด
MOCK-00552,2026-04-12,2026-04-25,ปิดคำร้อง,2026,4,ภาคตะวันออกเฉียงเหนือ,กฟจ.ขอนแก่น,เว็บไซต์,ร้องเรียน,การให้บริการ,การดำเนินงาน,การแจ้งผล,ภายในกำหนด
MOCK-00553,2026-04-13,,รับเรื่อง,2026,4,ภาคกลาง,กฟจ.พระนครศรีอยุธยา,เว็บไซต์,ร้องเรียน,การให้บริการ,การดำเนินงาน,การแจ้งผล,ใกล้ครบกำหนด
MOCK-00554,2026-04-14,,อยู่ระหว่างดำเนินการ,2026,4,ภาคใต้,กฟจ.สุราษฎร์ธานี,อีเมล,ร้องเรียน,การให้บริการ,การดำเนินงาน,การแจ้งผล,ใกล้ครบกำหนด
MOCK-00555,2026-04-15,2026-05-01,ปิดคำร้อง,2026,4,สำนักงานใหญ่,ศูนย์บริการสำนักงานใหญ่,อีเมล,ร้องเรียน,การให้บริการ,การดำเนินงาน,การแจ้งผล,ภายในกำหนด
MOCK-00556,2026-04-16,,รับเรื่อง,2026,4,ภาคเหนือ,กฟจ.เชียงราย,อีเมล,ข้อเสนอแนะ/ข้อคิดเห็น,พัฒนาบริการ,การดำเนินงาน,การแจ้งผล,ภายในกำหนด
MOCK-00557,2026-04-17,,อยู่ระหว่างดำเนินการ,2026,4,ภาคตะวันออกเฉียงเหนือ,กฟจ.อุดรธานี,อีเมล,ข้อเสนอแนะ/ข้อคิดเห็น,พัฒนาบริการ,การดำเนินงาน,การแจ้งผล,ภายในกำหนด
MOCK-00558,2026-04-18,2026-05-07,ปิดคำร้อง,2026,4,ภาคกลาง,กฟจ.นครปฐม,อีเมล,ข้อเสนอแนะ/ข้อคิดเห็น,พัฒนาบริการ,การดำเนินงาน,การแจ้งผล,ภายในกำหนด
MOCK-00559,2026-04-19,,รับเรื่อง,2026,4,ภาคใต้,กฟจ.สงขลา,อีเมล,ข้อเสนอแนะ/ข้อคิดเห็น,พัฒนาบริการ,การดำเนินงาน,การแจ้งผล,เกินกำหนด
MOCK-00560,2026-04-20,,อยู่ระหว่างดำเนินการ,2026,4,สำนักงานใหญ่,ศูนย์ประสานงานสำนักงานใหญ่,อีเมล,ข้อเสนอแนะ/ข้อคิดเห็น,พัฒนาบริการ,การดำเนินงาน,การแจ้งผล,เกินกำหนด
MOCK-00561,2026-05-01,2026-05-23,ปิดคำร้อง,2026,5,ภาคเหนือ,กฟจ.เชียงใหม่,PEA Contact Center,แจ้งเหตุ,ไฟฟ้าขัดข้อง,การดำเนินงาน,การแจ้งผล,ภายในกำหนด
MOCK-00562,2026-05-02,,รับเรื่อง,2026,5,ภาคตะวันออกเฉียงเหนือ,กฟจ.ขอนแก่น,PEA Contact Center,แจ้งเหตุ,ไฟฟ้าขัดข้อง,การดำเนินงาน,การแจ้งผล,ใกล้ครบกำหนด
MOCK-00563,2026-05-03,,อยู่ระหว่างดำเนินการ,2026,5,ภาคกลาง,กฟจ.พระนครศรีอยุธยา,PEA Contact Center,แจ้งเหตุ,ไฟฟ้าขัดข้อง,การดำเนินงาน,การแจ้งผล,ใกล้ครบกำหนด
MOCK-00564,2026-05-04,2026-05-29,ปิดคำร้อง,2026,5,ภาคใต้,กฟจ.สุราษฎร์ธานี,PEA Contact Center,แจ้งเหตุ,ไฟฟ้าขัดข้อง,การดำเนินงาน,การแจ้งผล,ภายในกำหนด
MOCK-00565,2026-05-05,,รับเรื่อง,2026,5,สำนักงานใหญ่,ศูนย์บริการสำนักงานใหญ่,PEA Contact Center,แจ้งเหตุ,ไฟฟ้าขัดข้อง,การดำเนินงาน,การแจ้งผล,ภายในกำหนด
MOCK-00566,2026-05-06,,อยู่ระหว่างดำเนินการ,2026,5,ภาคเหนือ,กฟจ.เชียงราย,PEA Contact Center,แจ้งเบาะแส,การใช้ไฟฟ้า,การดำเนินงาน,การแจ้งผล,ภายในกำหนด
MOCK-00567,2026-05-07,2026-06-04,ปิดคำร้อง,2026,5,ภาคตะวันออกเฉียงเหนือ,กฟจ.อุดรธานี,PEA Contact Center,แจ้งเบาะแส,การใช้ไฟฟ้า,การดำเนินงาน,การแจ้งผล,ภายในกำหนด
MOCK-00568,2026-05-08,,รับเรื่อง,2026,5,ภาคกลาง,กฟจ.นครปฐม,PEA Smart Plus,แจ้งเบาะแส,การใช้ไฟฟ้า,การดำเนินงาน,การแจ้งผล,เกินกำหนด
MOCK-00569,2026-05-09,,อยู่ระหว่างดำเนินการ,2026,5,ภาคใต้,กฟจ.สงขลา,PEA Smart Plus,แจ้งเบาะแส,การใช้ไฟฟ้า,การดำเนินงาน,การแจ้งผล,เกินกำหนด
MOCK-00570,2026-05-10,2026-06-10,ปิดคำร้อง,2026,5,สำนักงานใหญ่,ศูนย์ประสานงานสำนักงานใหญ่,PEA Smart Plus,แจ้งเบาะแส,การใช้ไฟฟ้า,การดำเนินงาน,การแจ้งผล,เกินกำหนด
MOCK-00571,2026-05-11,,รับเรื่อง,2026,5,ภาคเหนือ,กฟจ.เชียงใหม่,PEA Smart Plus,ชื่นชม,พนักงานบริการ,การดำเนินงาน,การแจ้งผล,ใกล้ครบกำหนด
MOCK-00572,2026-05-12,,อยู่ระหว่างดำเนินการ,2026,5,ภาคตะวันออกเฉียงเหนือ,กฟจ.ขอนแก่น,PEA Smart Plus,ชื่นชม,พนักงานบริการ,การดำเนินงาน,การแจ้งผล,ใกล้ครบกำหนด
MOCK-00573,2026-05-13,2026-06-16,ปิดคำร้อง,2026,5,ภาคกลาง,กฟจ.พระนครศรีอยุธยา,PEA Smart Plus,ชื่นชม,พนักงานบริการ,การดำเนินงาน,การแจ้งผล,เกินกำหนด
MOCK-00574,2026-05-14,,รับเรื่อง,2026,5,ภาคใต้,กฟจ.สุราษฎร์ธานี,PEA Smart Plus,ชื่นชม,พนักงานบริการ,การดำเนินงาน,การแจ้งผล,ภายในกำหนด
MOCK-00575,2026-05-15,,อยู่ระหว่างดำเนินการ,2026,5,สำนักงานใหญ่,ศูนย์บริการสำนักงานใหญ่,สำนักงานการไฟฟ้า,ชื่นชม,พนักงานบริการ,การดำเนินงาน,การแจ้งผล,ภายในกำหนด
MOCK-00576,2026-05-16,2026-06-22,ปิดคำร้อง,2026,5,ภาคเหนือ,กฟจ.เชียงราย,สำนักงานการไฟฟ้า,ร้องเรียน,คุณภาพไฟฟ้า,การดำเนินงาน,การแจ้งผล,เกินกำหนด
MOCK-00577,2026-05-17,,รับเรื่อง,2026,5,ภาคตะวันออกเฉียงเหนือ,กฟจ.อุดรธานี,สำนักงานการไฟฟ้า,ร้องเรียน,คุณภาพไฟฟ้า,การดำเนินงาน,การแจ้งผล,เกินกำหนด
MOCK-00578,2026-05-18,,อยู่ระหว่างดำเนินการ,2026,5,ภาคกลาง,กฟจ.นครปฐม,สำนักงานการไฟฟ้า,ร้องเรียน,คุณภาพไฟฟ้า,การดำเนินงาน,การแจ้งผล,เกินกำหนด
MOCK-00579,2026-05-19,2026-05-23,ปิดคำร้อง,2026,5,ภาคใต้,กฟจ.สงขลา,สำนักงานการไฟฟ้า,ร้องเรียน,คุณภาพไฟฟ้า,การดำเนินงาน,การแจ้งผล,ภายในกำหนด
MOCK-00580,2026-05-20,,รับเรื่อง,2026,5,สำนักงานใหญ่,ศูนย์ประสานงานสำนักงานใหญ่,สำนักงานการไฟฟ้า,ร้องเรียน,คุณภาพไฟฟ้า,การดำเนินงาน,การแจ้งผล,ใกล้ครบกำหนด
MOCK-00581,2026-06-01,,อยู่ระหว่างดำเนินการ,2026,6,ภาคเหนือ,กฟจ.เชียงใหม่,สำนักงานการไฟฟ้า,ข้อเสนอแนะ/ข้อคิดเห็น,ช่องทางดิจิทัล,การดำเนินงาน,การแจ้งผล,ใกล้ครบกำหนด
MOCK-00582,2026-06-02,2026-06-09,ปิดคำร้อง,2026,6,ภาคตะวันออกเฉียงเหนือ,กฟจ.ขอนแก่น,เว็บไซต์,ข้อเสนอแนะ/ข้อคิดเห็น,ช่องทางดิจิทัล,การดำเนินงาน,การแจ้งผล,ภายในกำหนด
MOCK-00583,2026-06-03,,รับเรื่อง,2026,6,ภาคกลาง,กฟจ.พระนครศรีอยุธยา,เว็บไซต์,ข้อเสนอแนะ/ข้อคิดเห็น,ช่องทางดิจิทัล,การดำเนินงาน,การแจ้งผล,ภายในกำหนด
MOCK-00584,2026-06-04,,อยู่ระหว่างดำเนินการ,2026,6,ภาคใต้,กฟจ.สุราษฎร์ธานี,เว็บไซต์,ข้อเสนอแนะ/ข้อคิดเห็น,ช่องทางดิจิทัล,การดำเนินงาน,การแจ้งผล,ภายในกำหนด
MOCK-00585,2026-06-05,2026-06-15,ปิดคำร้อง,2026,6,สำนักงานใหญ่,ศูนย์บริการสำนักงานใหญ่,เว็บไซต์,ข้อเสนอแนะ/ข้อคิดเห็น,ช่องทางดิจิทัล,การดำเนินงาน,การแจ้งผล,ภายในกำหนด
MOCK-00586,2026-06-06,,รับเรื่อง,2026,6,ภาคเหนือ,กฟจ.เชียงราย,เว็บไซต์,แจ้งเหตุ,อุปกรณ์ชำรุด,การดำเนินงาน,การแจ้งผล,เกินกำหนด
MOCK-00587,2026-06-07,,อยู่ระหว่างดำเนินการ,2026,6,ภาคตะวันออกเฉียงเหนือ,กฟจ.อุดรธานี,เว็บไซต์,แจ้งเหตุ,อุปกรณ์ชำรุด,การดำเนินงาน,การแจ้งผล,เกินกำหนด
MOCK-00588,2026-06-08,2026-06-21,ปิดคำร้อง,2026,6,ภาคกลาง,กฟจ.นครปฐม,เว็บไซต์,แจ้งเหตุ,อุปกรณ์ชำรุด,การดำเนินงาน,การแจ้งผล,ภายในกำหนด
MOCK-00589,2026-06-09,,รับเรื่อง,2026,6,ภาคใต้,กฟจ.สงขลา,อีเมล,แจ้งเหตุ,อุปกรณ์ชำรุด,การดำเนินงาน,การแจ้งผล,ใกล้ครบกำหนด
MOCK-00590,2026-06-10,,อยู่ระหว่างดำเนินการ,2026,6,สำนักงานใหญ่,ศูนย์ประสานงานสำนักงานใหญ่,อีเมล,แจ้งเหตุ,อุปกรณ์ชำรุด,การดำเนินงาน,การแจ้งผล,ใกล้ครบกำหนด
MOCK-00591,2026-06-11,2026-06-27,ปิดคำร้อง,2026,6,ภาคเหนือ,กฟจ.เชียงใหม่,อีเมล,แจ้งเบาะแส,ความปลอดภัย,การดำเนินงาน,การแจ้งผล,ภายในกำหนด
MOCK-00592,2026-06-12,,รับเรื่อง,2026,6,ภาคตะวันออกเฉียงเหนือ,กฟจ.ขอนแก่น,อีเมล,แจ้งเบาะแส,ความปลอดภัย,การดำเนินงาน,การแจ้งผล,ภายในกำหนด
MOCK-00593,2026-06-13,,อยู่ระหว่างดำเนินการ,2026,6,ภาคกลาง,กฟจ.พระนครศรีอยุธยา,อีเมล,แจ้งเบาะแส,ความปลอดภัย,การดำเนินงาน,การแจ้งผล,ภายในกำหนด
MOCK-00594,2026-06-14,2026-07-03,ปิดคำร้อง,2026,6,ภาคใต้,กฟจ.สุราษฎร์ธานี,อีเมล,แจ้งเบาะแส,ความปลอดภัย,การดำเนินงาน,การแจ้งผล,ภายในกำหนด
MOCK-00595,2026-06-15,,รับเรื่อง,2026,6,สำนักงานใหญ่,ศูนย์บริการสำนักงานใหญ่,อีเมล,แจ้งเบาะแส,ความปลอดภัย,การดำเนินงาน,การแจ้งผล,เกินกำหนด
MOCK-00596,2026-06-16,,อยู่ระหว่างดำเนินการ,2026,6,ภาคเหนือ,กฟจ.เชียงราย,PEA Contact Center,ชื่นชม,การแก้ไขปัญหา,การดำเนินงาน,การแจ้งผล,เกินกำหนด
MOCK-00597,2026-06-17,2026-07-09,ปิดคำร้อง,2026,6,ภาคตะวันออกเฉียงเหนือ,กฟจ.อุดรธานี,PEA Contact Center,ชื่นชม,การแก้ไขปัญหา,การดำเนินงาน,การแจ้งผล,ภายในกำหนด
MOCK-00598,2026-06-18,,รับเรื่อง,2026,6,ภาคกลาง,กฟจ.นครปฐม,PEA Contact Center,ชื่นชม,การแก้ไขปัญหา,การดำเนินงาน,การแจ้งผล,ใกล้ครบกำหนด
MOCK-00599,2026-06-19,,อยู่ระหว่างดำเนินการ,2026,6,ภาคใต้,กฟจ.สงขลา,PEA Contact Center,ชื่นชม,การแก้ไขปัญหา,การดำเนินงาน,การแจ้งผล,ใกล้ครบกำหนด
MOCK-00600,2026-06-20,2026-07-15,ปิดคำร้อง,2026,6,สำนักงานใหญ่,ศูนย์ประสานงานสำนักงานใหญ่,PEA Contact Center,ชื่นชม,การแก้ไขปัญหา,การดำเนินงาน,การแจ้งผล,ภายในกำหนด
MOCK-00601,2026-07-01,,รับเรื่อง,2026,7,ภาคเหนือ,กฟจ.เชียงใหม่,PEA Contact Center,ร้องเรียน,การให้บริการ,การติดต่อและติดตาม,การประสานงาน,ภายในกำหนด
MOCK-00602,2026-07-02,,อยู่ระหว่างดำเนินการ,2026,7,ภาคตะวันออกเฉียงเหนือ,กฟจ.ขอนแก่น,PEA Contact Center,ร้องเรียน,การให้บริการ,การติดต่อและติดตาม,การประสานงาน,ภายในกำหนด
MOCK-00603,2026-07-03,2026-07-31,ปิดคำร้อง,2026,7,ภาคกลาง,กฟจ.พระนครศรีอยุธยา,PEA Smart Plus,ร้องเรียน,การให้บริการ,การติดต่อและติดตาม,การประสานงาน,ภายในกำหนด
MOCK-00604,2026-07-04,,รับเรื่อง,2026,7,ภาคใต้,กฟจ.สุราษฎร์ธานี,PEA Smart Plus,ร้องเรียน,การให้บริการ,การติดต่อและติดตาม,การประสานงาน,เกินกำหนด
MOCK-00605,2026-07-05,,อยู่ระหว่างดำเนินการ,2026,7,สำนักงานใหญ่,ศูนย์บริการสำนักงานใหญ่,PEA Smart Plus,ร้องเรียน,การให้บริการ,การติดต่อและติดตาม,การประสานงาน,เกินกำหนด
MOCK-00606,2026-07-06,2026-08-06,ปิดคำร้อง,2026,7,ภาคเหนือ,กฟจ.เชียงราย,PEA Smart Plus,ข้อเสนอแนะ/ข้อคิดเห็น,พัฒนาบริการ,การติดต่อและติดตาม,การประสานงาน,เกินกำหนด
MOCK-00607,2026-07-07,,รับเรื่อง,2026,7,ภาคตะวันออกเฉียงเหนือ,กฟจ.อุดรธานี,PEA Smart Plus,ข้อเสนอแนะ/ข้อคิดเห็น,พัฒนาบริการ,การติดต่อและติดตาม,การประสานงาน,ใกล้ครบกำหนด
MOCK-00608,2026-07-08,,อยู่ระหว่างดำเนินการ,2026,7,ภาคกลาง,กฟจ.นครปฐม,PEA Smart Plus,ข้อเสนอแนะ/ข้อคิดเห็น,พัฒนาบริการ,การติดต่อและติดตาม,การประสานงาน,ใกล้ครบกำหนด
MOCK-00609,2026-07-09,2026-08-12,ปิดคำร้อง,2026,7,ภาคใต้,กฟจ.สงขลา,PEA Smart Plus,ข้อเสนอแนะ/ข้อคิดเห็น,พัฒนาบริการ,การติดต่อและติดตาม,การประสานงาน,เกินกำหนด
MOCK-00610,2026-07-10,,รับเรื่อง,2026,7,สำนักงานใหญ่,ศูนย์ประสานงานสำนักงานใหญ่,สำนักงานการไฟฟ้า,ข้อเสนอแนะ/ข้อคิดเห็น,พัฒนาบริการ,การติดต่อและติดตาม,การประสานงาน,ภายในกำหนด
MOCK-00611,2026-07-11,,อยู่ระหว่างดำเนินการ,2026,7,ภาคเหนือ,กฟจ.เชียงใหม่,สำนักงานการไฟฟ้า,แจ้งเหตุ,ไฟฟ้าขัดข้อง,การติดต่อและติดตาม,การประสานงาน,ภายในกำหนด
MOCK-00612,2026-07-12,2026-08-18,ปิดคำร้อง,2026,7,ภาคตะวันออกเฉียงเหนือ,กฟจ.ขอนแก่น,สำนักงานการไฟฟ้า,แจ้งเหตุ,ไฟฟ้าขัดข้อง,การติดต่อและติดตาม,การประสานงาน,เกินกำหนด
MOCK-00613,2026-07-13,,รับเรื่อง,2026,7,ภาคกลาง,กฟจ.พระนครศรีอยุธยา,สำนักงานการไฟฟ้า,แจ้งเหตุ,ไฟฟ้าขัดข้อง,การติดต่อและติดตาม,การประสานงาน,เกินกำหนด
MOCK-00614,2026-07-14,,อยู่ระหว่างดำเนินการ,2026,7,ภาคใต้,กฟจ.สุราษฎร์ธานี,สำนักงานการไฟฟ้า,แจ้งเหตุ,ไฟฟ้าขัดข้อง,การติดต่อและติดตาม,การประสานงาน,เกินกำหนด
MOCK-00615,2026-07-15,2026-07-19,ปิดคำร้อง,2026,7,สำนักงานใหญ่,ศูนย์บริการสำนักงานใหญ่,สำนักงานการไฟฟ้า,แจ้งเหตุ,ไฟฟ้าขัดข้อง,การติดต่อและติดตาม,การประสานงาน,ภายในกำหนด
MOCK-00616,2026-07-16,,รับเรื่อง,2026,7,ภาคเหนือ,กฟจ.เชียงราย,สำนักงานการไฟฟ้า,แจ้งเบาะแส,การใช้ไฟฟ้า,การติดต่อและติดตาม,การประสานงาน,ใกล้ครบกำหนด
MOCK-00617,2026-07-17,,อยู่ระหว่างดำเนินการ,2026,7,ภาคตะวันออกเฉียงเหนือ,กฟจ.อุดรธานี,เว็บไซต์,แจ้งเบาะแส,การใช้ไฟฟ้า,การติดต่อและติดตาม,การประสานงาน,ใกล้ครบกำหนด
MOCK-00618,2026-07-18,2026-07-25,ปิดคำร้อง,2026,7,ภาคกลาง,กฟจ.นครปฐม,เว็บไซต์,แจ้งเบาะแส,การใช้ไฟฟ้า,การติดต่อและติดตาม,การประสานงาน,ภายในกำหนด
MOCK-00619,2026-07-19,,รับเรื่อง,2026,7,ภาคใต้,กฟจ.สงขลา,เว็บไซต์,แจ้งเบาะแส,การใช้ไฟฟ้า,การติดต่อและติดตาม,การประสานงาน,ภายในกำหนด
MOCK-00620,2026-07-20,,อยู่ระหว่างดำเนินการ,2026,7,สำนักงานใหญ่,ศูนย์ประสานงานสำนักงานใหญ่,เว็บไซต์,แจ้งเบาะแส,การใช้ไฟฟ้า,การติดต่อและติดตาม,การประสานงาน,ภายในกำหนด
MOCK-00621,2026-08-01,2026-08-11,ปิดคำร้อง,2026,8,ภาคเหนือ,กฟจ.เชียงใหม่,เว็บไซต์,ชื่นชม,พนักงานบริการ,การติดต่อและติดตาม,การประสานงาน,ภายในกำหนด
MOCK-00622,2026-08-02,,รับเรื่อง,2026,8,ภาคตะวันออกเฉียงเหนือ,กฟจ.ขอนแก่น,เว็บไซต์,ชื่นชม,พนักงานบริการ,การติดต่อและติดตาม,การประสานงาน,เกินกำหนด
MOCK-00623,2026-08-03,,อยู่ระหว่างดำเนินการ,2026,8,ภาคกลาง,กฟจ.พระนครศรีอยุธยา,เว็บไซต์,ชื่นชม,พนักงานบริการ,การติดต่อและติดตาม,การประสานงาน,เกินกำหนด
MOCK-00624,2026-08-04,2026-08-17,ปิดคำร้อง,2026,8,ภาคใต้,กฟจ.สุราษฎร์ธานี,อีเมล,ชื่นชม,พนักงานบริการ,การติดต่อและติดตาม,การประสานงาน,ภายในกำหนด
MOCK-00625,2026-08-05,,รับเรื่อง,2026,8,สำนักงานใหญ่,ศูนย์บริการสำนักงานใหญ่,อีเมล,ชื่นชม,พนักงานบริการ,การติดต่อและติดตาม,การประสานงาน,ใกล้ครบกำหนด
MOCK-00626,2026-08-06,,อยู่ระหว่างดำเนินการ,2026,8,ภาคเหนือ,กฟจ.เชียงราย,อีเมล,ร้องเรียน,คุณภาพไฟฟ้า,การติดต่อและติดตาม,การประสานงาน,ใกล้ครบกำหนด
MOCK-00627,2026-08-07,2026-08-23,ปิดคำร้อง,2026,8,ภาคตะวันออกเฉียงเหนือ,กฟจ.อุดรธานี,อีเมล,ร้องเรียน,คุณภาพไฟฟ้า,การติดต่อและติดตาม,การประสานงาน,ภายในกำหนด
MOCK-00628,2026-08-08,,รับเรื่อง,2026,8,ภาคกลาง,กฟจ.นครปฐม,อีเมล,ร้องเรียน,คุณภาพไฟฟ้า,การติดต่อและติดตาม,การประสานงาน,ภายในกำหนด
MOCK-00629,2026-08-09,,อยู่ระหว่างดำเนินการ,2026,8,ภาคใต้,กฟจ.สงขลา,อีเมล,ร้องเรียน,คุณภาพไฟฟ้า,การติดต่อและติดตาม,การประสานงาน,ภายในกำหนด
MOCK-00630,2026-08-10,2026-08-29,ปิดคำร้อง,2026,8,สำนักงานใหญ่,ศูนย์ประสานงานสำนักงานใหญ่,อีเมล,ร้องเรียน,คุณภาพไฟฟ้า,การติดต่อและติดตาม,การประสานงาน,ภายในกำหนด
MOCK-00631,2026-08-11,,รับเรื่อง,2026,8,ภาคเหนือ,กฟจ.เชียงใหม่,PEA Contact Center,ข้อเสนอแนะ/ข้อคิดเห็น,ช่องทางดิจิทัล,การติดต่อและติดตาม,การประสานงาน,เกินกำหนด
MOCK-00632,2026-08-12,,อยู่ระหว่างดำเนินการ,2026,8,ภาคตะวันออกเฉียงเหนือ,กฟจ.ขอนแก่น,PEA Contact Center,ข้อเสนอแนะ/ข้อคิดเห็น,ช่องทางดิจิทัล,การติดต่อและติดตาม,การประสานงาน,เกินกำหนด
MOCK-00633,2026-08-13,2026-09-04,ปิดคำร้อง,2026,8,ภาคกลาง,กฟจ.พระนครศรีอยุธยา,PEA Contact Center,ข้อเสนอแนะ/ข้อคิดเห็น,ช่องทางดิจิทัล,การติดต่อและติดตาม,การประสานงาน,ภายในกำหนด
MOCK-00634,2026-08-14,,รับเรื่อง,2026,8,ภาคใต้,กฟจ.สุราษฎร์ธานี,PEA Contact Center,ข้อเสนอแนะ/ข้อคิดเห็น,ช่องทางดิจิทัล,การติดต่อและติดตาม,การประสานงาน,ใกล้ครบกำหนด
MOCK-00635,2026-08-15,,อยู่ระหว่างดำเนินการ,2026,8,สำนักงานใหญ่,ศูนย์บริการสำนักงานใหญ่,PEA Contact Center,ข้อเสนอแนะ/ข้อคิดเห็น,ช่องทางดิจิทัล,การติดต่อและติดตาม,การประสานงาน,ใกล้ครบกำหนด
MOCK-00636,2026-08-16,2026-09-10,ปิดคำร้อง,2026,8,ภาคเหนือ,กฟจ.เชียงราย,PEA Contact Center,แจ้งเหตุ,อุปกรณ์ชำรุด,การติดต่อและติดตาม,การประสานงาน,ภายในกำหนด
MOCK-00637,2026-08-17,,รับเรื่อง,2026,8,ภาคตะวันออกเฉียงเหนือ,กฟจ.อุดรธานี,PEA Contact Center,แจ้งเหตุ,อุปกรณ์ชำรุด,การติดต่อและติดตาม,การประสานงาน,ภายในกำหนด
MOCK-00638,2026-08-18,,อยู่ระหว่างดำเนินการ,2026,8,ภาคกลาง,กฟจ.นครปฐม,PEA Smart Plus,แจ้งเหตุ,อุปกรณ์ชำรุด,การติดต่อและติดตาม,การประสานงาน,ภายในกำหนด
MOCK-00639,2026-08-19,2026-09-16,ปิดคำร้อง,2026,8,ภาคใต้,กฟจ.สงขลา,PEA Smart Plus,แจ้งเหตุ,อุปกรณ์ชำรุด,การติดต่อและติดตาม,การประสานงาน,ภายในกำหนด
MOCK-00640,2026-08-20,,รับเรื่อง,2026,8,สำนักงานใหญ่,ศูนย์ประสานงานสำนักงานใหญ่,PEA Smart Plus,แจ้งเหตุ,อุปกรณ์ชำรุด,การติดต่อและติดตาม,การประสานงาน,เกินกำหนด
MOCK-00641,2026-09-01,,อยู่ระหว่างดำเนินการ,2026,9,ภาคเหนือ,กฟจ.เชียงใหม่,PEA Smart Plus,แจ้งเบาะแส,ความปลอดภัย,การติดต่อและติดตาม,การประสานงาน,เกินกำหนด
MOCK-00642,2026-09-02,2026-10-03,ปิดคำร้อง,2026,9,ภาคตะวันออกเฉียงเหนือ,กฟจ.ขอนแก่น,PEA Smart Plus,แจ้งเบาะแส,ความปลอดภัย,การติดต่อและติดตาม,การประสานงาน,เกินกำหนด
MOCK-00643,2026-09-03,,รับเรื่อง,2026,9,ภาคกลาง,กฟจ.พระนครศรีอยุธยา,PEA Smart Plus,แจ้งเบาะแส,ความปลอดภัย,การติดต่อและติดตาม,การประสานงาน,ใกล้ครบกำหนด
MOCK-00644,2026-09-04,,อยู่ระหว่างดำเนินการ,2026,9,ภาคใต้,กฟจ.สุราษฎร์ธานี,PEA Smart Plus,แจ้งเบาะแส,ความปลอดภัย,การติดต่อและติดตาม,การประสานงาน,ใกล้ครบกำหนด
MOCK-00645,2026-09-05,2026-10-09,ปิดคำร้อง,2026,9,สำนักงานใหญ่,ศูนย์บริการสำนักงานใหญ่,สำนักงานการไฟฟ้า,แจ้งเบาะแส,ความปลอดภัย,การติดต่อและติดตาม,การประสานงาน,เกินกำหนด
MOCK-00646,2026-09-06,,รับเรื่อง,2026,9,ภาคเหนือ,กฟจ.เชียงราย,สำนักงานการไฟฟ้า,ชื่นชม,การแก้ไขปัญหา,การติดต่อและติดตาม,การประสานงาน,ภายในกำหนด
MOCK-00647,2026-09-07,,อยู่ระหว่างดำเนินการ,2026,9,ภาคตะวันออกเฉียงเหนือ,กฟจ.อุดรธานี,สำนักงานการไฟฟ้า,ชื่นชม,การแก้ไขปัญหา,การติดต่อและติดตาม,การประสานงาน,ภายในกำหนด
MOCK-00648,2026-09-08,2026-10-15,ปิดคำร้อง,2026,9,ภาคกลาง,กฟจ.นครปฐม,สำนักงานการไฟฟ้า,ชื่นชม,การแก้ไขปัญหา,การติดต่อและติดตาม,การประสานงาน,เกินกำหนด
MOCK-00649,2026-09-09,,รับเรื่อง,2026,9,ภาคใต้,กฟจ.สงขลา,สำนักงานการไฟฟ้า,ชื่นชม,การแก้ไขปัญหา,การติดต่อและติดตาม,การประสานงาน,เกินกำหนด
MOCK-00650,2026-09-10,,อยู่ระหว่างดำเนินการ,2026,9,สำนักงานใหญ่,ศูนย์ประสานงานสำนักงานใหญ่,สำนักงานการไฟฟ้า,ชื่นชม,การแก้ไขปัญหา,การติดต่อและติดตาม,การประสานงาน,เกินกำหนด
MOCK-00651,2026-09-11,2026-09-15,ปิดคำร้อง,2026,9,ภาคเหนือ,กฟจ.เชียงใหม่,สำนักงานการไฟฟ้า,ร้องเรียน,การให้บริการ,การดำเนินงาน,การประสานงาน,ภายในกำหนด
MOCK-00652,2026-09-12,,รับเรื่อง,2026,9,ภาคตะวันออกเฉียงเหนือ,กฟจ.ขอนแก่น,เว็บไซต์,ร้องเรียน,การให้บริการ,การดำเนินงาน,การประสานงาน,ใกล้ครบกำหนด
MOCK-00653,2026-09-13,,อยู่ระหว่างดำเนินการ,2026,9,ภาคกลาง,กฟจ.พระนครศรีอยุธยา,เว็บไซต์,ร้องเรียน,การให้บริการ,การดำเนินงาน,การประสานงาน,ใกล้ครบกำหนด
MOCK-00654,2026-09-14,2026-09-21,ปิดคำร้อง,2026,9,ภาคใต้,กฟจ.สุราษฎร์ธานี,เว็บไซต์,ร้องเรียน,การให้บริการ,การดำเนินงาน,การประสานงาน,ภายในกำหนด
MOCK-00655,2026-09-15,,รับเรื่อง,2026,9,สำนักงานใหญ่,ศูนย์บริการสำนักงานใหญ่,เว็บไซต์,ร้องเรียน,การให้บริการ,การดำเนินงาน,การประสานงาน,ภายในกำหนด
MOCK-00656,2026-09-16,,อยู่ระหว่างดำเนินการ,2026,9,ภาคเหนือ,กฟจ.เชียงราย,เว็บไซต์,ข้อเสนอแนะ/ข้อคิดเห็น,พัฒนาบริการ,การดำเนินงาน,การประสานงาน,ภายในกำหนด
MOCK-00657,2026-09-17,2026-09-27,ปิดคำร้อง,2026,9,ภาคตะวันออกเฉียงเหนือ,กฟจ.อุดรธานี,เว็บไซต์,ข้อเสนอแนะ/ข้อคิดเห็น,พัฒนาบริการ,การดำเนินงาน,การประสานงาน,ภายในกำหนด
MOCK-00658,2026-09-18,,รับเรื่อง,2026,9,ภาคกลาง,กฟจ.นครปฐม,เว็บไซต์,ข้อเสนอแนะ/ข้อคิดเห็น,พัฒนาบริการ,การดำเนินงาน,การประสานงาน,เกินกำหนด
MOCK-00659,2026-09-19,,อยู่ระหว่างดำเนินการ,2026,9,ภาคใต้,กฟจ.สงขลา,อีเมล,ข้อเสนอแนะ/ข้อคิดเห็น,พัฒนาบริการ,การดำเนินงาน,การประสานงาน,เกินกำหนด
MOCK-00660,2026-09-20,2026-10-03,ปิดคำร้อง,2026,9,สำนักงานใหญ่,ศูนย์ประสานงานสำนักงานใหญ่,อีเมล,ข้อเสนอแนะ/ข้อคิดเห็น,พัฒนาบริการ,การดำเนินงาน,การประสานงาน,ภายในกำหนด
MOCK-00661,2026-10-01,,รับเรื่อง,2026,10,ภาคเหนือ,กฟจ.เชียงใหม่,อีเมล,แจ้งเหตุ,ไฟฟ้าขัดข้อง,การดำเนินงาน,การประสานงาน,ใกล้ครบกำหนด
MOCK-00662,2026-10-02,,อยู่ระหว่างดำเนินการ,2026,10,ภาคตะวันออกเฉียงเหนือ,กฟจ.ขอนแก่น,อีเมล,แจ้งเหตุ,ไฟฟ้าขัดข้อง,การดำเนินงาน,การประสานงาน,ใกล้ครบกำหนด
MOCK-00663,2026-10-03,2026-10-19,ปิดคำร้อง,2026,10,ภาคกลาง,กฟจ.พระนครศรีอยุธยา,อีเมล,แจ้งเหตุ,ไฟฟ้าขัดข้อง,การดำเนินงาน,การประสานงาน,ภายในกำหนด
MOCK-00664,2026-10-04,,รับเรื่อง,2026,10,ภาคใต้,กฟจ.สุราษฎร์ธานี,อีเมล,แจ้งเหตุ,ไฟฟ้าขัดข้อง,การดำเนินงาน,การประสานงาน,ภายในกำหนด
MOCK-00665,2026-10-05,,อยู่ระหว่างดำเนินการ,2026,10,สำนักงานใหญ่,ศูนย์บริการสำนักงานใหญ่,อีเมล,แจ้งเหตุ,ไฟฟ้าขัดข้อง,การดำเนินงาน,การประสานงาน,ภายในกำหนด
MOCK-00666,2026-10-06,2026-10-25,ปิดคำร้อง,2026,10,ภาคเหนือ,กฟจ.เชียงราย,PEA Contact Center,แจ้งเบาะแส,การใช้ไฟฟ้า,การดำเนินงาน,การประสานงาน,ภายในกำหนด
MOCK-00667,2026-10-07,,รับเรื่อง,2026,10,ภาคตะวันออกเฉียงเหนือ,กฟจ.อุดรธานี,PEA Contact Center,แจ้งเบาะแส,การใช้ไฟฟ้า,การดำเนินงาน,การประสานงาน,เกินกำหนด
MOCK-00668,2026-10-08,,อยู่ระหว่างดำเนินการ,2026,10,ภาคกลาง,กฟจ.นครปฐม,PEA Contact Center,แจ้งเบาะแส,การใช้ไฟฟ้า,การดำเนินงาน,การประสานงาน,เกินกำหนด
MOCK-00669,2026-10-09,2026-10-31,ปิดคำร้อง,2026,10,ภาคใต้,กฟจ.สงขลา,PEA Contact Center,แจ้งเบาะแส,การใช้ไฟฟ้า,การดำเนินงาน,การประสานงาน,ภายในกำหนด
MOCK-00670,2026-10-10,,รับเรื่อง,2026,10,สำนักงานใหญ่,ศูนย์ประสานงานสำนักงานใหญ่,PEA Contact Center,แจ้งเบาะแส,การใช้ไฟฟ้า,การดำเนินงาน,การประสานงาน,ใกล้ครบกำหนด
MOCK-00671,2026-10-11,,อยู่ระหว่างดำเนินการ,2026,10,ภาคเหนือ,กฟจ.เชียงใหม่,PEA Contact Center,ชื่นชม,พนักงานบริการ,การดำเนินงาน,การประสานงาน,ใกล้ครบกำหนด
MOCK-00672,2026-10-12,2026-11-06,ปิดคำร้อง,2026,10,ภาคตะวันออกเฉียงเหนือ,กฟจ.ขอนแก่น,PEA Contact Center,ชื่นชม,พนักงานบริการ,การดำเนินงาน,การประสานงาน,ภายในกำหนด
MOCK-00673,2026-10-13,,รับเรื่อง,2026,10,ภาคกลาง,กฟจ.พระนครศรีอยุธยา,PEA Smart Plus,ชื่นชม,พนักงานบริการ,การดำเนินงาน,การประสานงาน,ภายในกำหนด
MOCK-00674,2026-10-14,,อยู่ระหว่างดำเนินการ,2026,10,ภาคใต้,กฟจ.สุราษฎร์ธานี,PEA Smart Plus,ชื่นชม,พนักงานบริการ,การดำเนินงาน,การประสานงาน,ภายในกำหนด
MOCK-00675,2026-10-15,2026-11-12,ปิดคำร้อง,2026,10,สำนักงานใหญ่,ศูนย์บริการสำนักงานใหญ่,PEA Smart Plus,ชื่นชม,พนักงานบริการ,การดำเนินงาน,การประสานงาน,ภายในกำหนด
MOCK-00676,2026-10-16,,รับเรื่อง,2026,10,ภาคเหนือ,กฟจ.เชียงราย,PEA Smart Plus,ร้องเรียน,คุณภาพไฟฟ้า,การดำเนินงาน,การประสานงาน,เกินกำหนด
MOCK-00677,2026-10-17,,อยู่ระหว่างดำเนินการ,2026,10,ภาคตะวันออกเฉียงเหนือ,กฟจ.อุดรธานี,PEA Smart Plus,ร้องเรียน,คุณภาพไฟฟ้า,การดำเนินงาน,การประสานงาน,เกินกำหนด
MOCK-00678,2026-10-18,2026-11-18,ปิดคำร้อง,2026,10,ภาคกลาง,กฟจ.นครปฐม,PEA Smart Plus,ร้องเรียน,คุณภาพไฟฟ้า,การดำเนินงาน,การประสานงาน,เกินกำหนด
MOCK-00679,2026-10-19,,รับเรื่อง,2026,10,ภาคใต้,กฟจ.สงขลา,PEA Smart Plus,ร้องเรียน,คุณภาพไฟฟ้า,การดำเนินงาน,การประสานงาน,ใกล้ครบกำหนด
MOCK-00680,2026-10-20,,อยู่ระหว่างดำเนินการ,2026,10,สำนักงานใหญ่,ศูนย์ประสานงานสำนักงานใหญ่,สำนักงานการไฟฟ้า,ร้องเรียน,คุณภาพไฟฟ้า,การดำเนินงาน,การประสานงาน,ใกล้ครบกำหนด
MOCK-00681,2026-11-01,2026-12-05,ปิดคำร้อง,2026,11,ภาคเหนือ,กฟจ.เชียงใหม่,สำนักงานการไฟฟ้า,ข้อเสนอแนะ/ข้อคิดเห็น,ช่องทางดิจิทัล,การดำเนินงาน,การประสานงาน,เกินกำหนด
MOCK-00682,2026-11-02,,รับเรื่อง,2026,11,ภาคตะวันออกเฉียงเหนือ,กฟจ.ขอนแก่น,สำนักงานการไฟฟ้า,ข้อเสนอแนะ/ข้อคิดเห็น,ช่องทางดิจิทัล,การดำเนินงาน,การประสานงาน,ภายในกำหนด
MOCK-00683,2026-11-03,,อยู่ระหว่างดำเนินการ,2026,11,ภาคกลาง,กฟจ.พระนครศรีอยุธยา,สำนักงานการไฟฟ้า,ข้อเสนอแนะ/ข้อคิดเห็น,ช่องทางดิจิทัล,การดำเนินงาน,การประสานงาน,ภายในกำหนด
MOCK-00684,2026-11-04,2026-12-11,ปิดคำร้อง,2026,11,ภาคใต้,กฟจ.สุราษฎร์ธานี,สำนักงานการไฟฟ้า,ข้อเสนอแนะ/ข้อคิดเห็น,ช่องทางดิจิทัล,การดำเนินงาน,การประสานงาน,เกินกำหนด
MOCK-00685,2026-11-05,,รับเรื่อง,2026,11,สำนักงานใหญ่,ศูนย์บริการสำนักงานใหญ่,สำนักงานการไฟฟ้า,ข้อเสนอแนะ/ข้อคิดเห็น,ช่องทางดิจิทัล,การดำเนินงาน,การประสานงาน,เกินกำหนด
MOCK-00686,2026-11-06,,อยู่ระหว่างดำเนินการ,2026,11,ภาคเหนือ,กฟจ.เชียงราย,สำนักงานการไฟฟ้า,แจ้งเหตุ,อุปกรณ์ชำรุด,การดำเนินงาน,การประสานงาน,เกินกำหนด
MOCK-00687,2026-11-07,2026-11-11,ปิดคำร้อง,2026,11,ภาคตะวันออกเฉียงเหนือ,กฟจ.อุดรธานี,เว็บไซต์,แจ้งเหตุ,อุปกรณ์ชำรุด,การดำเนินงาน,การประสานงาน,ภายในกำหนด
MOCK-00688,2026-11-08,,รับเรื่อง,2026,11,ภาคกลาง,กฟจ.นครปฐม,เว็บไซต์,แจ้งเหตุ,อุปกรณ์ชำรุด,การดำเนินงาน,การประสานงาน,ใกล้ครบกำหนด
MOCK-00689,2026-11-09,,อยู่ระหว่างดำเนินการ,2026,11,ภาคใต้,กฟจ.สงขลา,เว็บไซต์,แจ้งเหตุ,อุปกรณ์ชำรุด,การดำเนินงาน,การประสานงาน,ใกล้ครบกำหนด
MOCK-00690,2026-11-10,2026-11-17,ปิดคำร้อง,2026,11,สำนักงานใหญ่,ศูนย์ประสานงานสำนักงานใหญ่,เว็บไซต์,แจ้งเหตุ,อุปกรณ์ชำรุด,การดำเนินงาน,การประสานงาน,ภายในกำหนด
MOCK-00691,2026-11-11,,รับเรื่อง,2026,11,ภาคเหนือ,กฟจ.เชียงใหม่,เว็บไซต์,แจ้งเบาะแส,ความปลอดภัย,การดำเนินงาน,การประสานงาน,ภายในกำหนด
MOCK-00692,2026-11-12,,อยู่ระหว่างดำเนินการ,2026,11,ภาคตะวันออกเฉียงเหนือ,กฟจ.ขอนแก่น,เว็บไซต์,แจ้งเบาะแส,ความปลอดภัย,การดำเนินงาน,การประสานงาน,ภายในกำหนด
MOCK-00693,2026-11-13,2026-11-23,ปิดคำร้อง,2026,11,ภาคกลาง,กฟจ.พระนครศรีอยุธยา,เว็บไซต์,แจ้งเบาะแส,ความปลอดภัย,การดำเนินงาน,การประสานงาน,ภายในกำหนด
MOCK-00694,2026-11-14,,รับเรื่อง,2026,11,ภาคใต้,กฟจ.สุราษฎร์ธานี,อีเมล,แจ้งเบาะแส,ความปลอดภัย,การดำเนินงาน,การประสานงาน,เกินกำหนด
MOCK-00695,2026-11-15,,อยู่ระหว่างดำเนินการ,2026,11,สำนักงานใหญ่,ศูนย์บริการสำนักงานใหญ่,อีเมล,แจ้งเบาะแส,ความปลอดภัย,การดำเนินงาน,การประสานงาน,เกินกำหนด
MOCK-00696,2026-11-16,2026-11-29,ปิดคำร้อง,2026,11,ภาคเหนือ,กฟจ.เชียงราย,อีเมล,ชื่นชม,การแก้ไขปัญหา,การดำเนินงาน,การประสานงาน,ภายในกำหนด
MOCK-00697,2026-11-17,,รับเรื่อง,2026,11,ภาคตะวันออกเฉียงเหนือ,กฟจ.อุดรธานี,อีเมล,ชื่นชม,การแก้ไขปัญหา,การดำเนินงาน,การประสานงาน,ใกล้ครบกำหนด
MOCK-00698,2026-11-18,,อยู่ระหว่างดำเนินการ,2026,11,ภาคกลาง,กฟจ.นครปฐม,อีเมล,ชื่นชม,การแก้ไขปัญหา,การดำเนินงาน,การประสานงาน,ใกล้ครบกำหนด
MOCK-00699,2026-11-19,2026-12-05,ปิดคำร้อง,2026,11,ภาคใต้,กฟจ.สงขลา,อีเมล,ชื่นชม,การแก้ไขปัญหา,การดำเนินงาน,การประสานงาน,ภายในกำหนด
MOCK-00700,2026-11-20,,รับเรื่อง,2026,11,สำนักงานใหญ่,ศูนย์ประสานงานสำนักงานใหญ่,อีเมล,ชื่นชม,การแก้ไขปัญหา,การดำเนินงาน,การประสานงาน,ภายในกำหนด
MOCK-00701,2026-12-01,,อยู่ระหว่างดำเนินการ,2026,12,ภาคเหนือ,กฟจ.เชียงใหม่,PEA Contact Center,ร้องเรียน,การให้บริการ,การติดต่อและติดตาม,การแจ้งผล,ภายในกำหนด
MOCK-00702,2026-12-02,2026-12-21,ปิดคำร้อง,2026,12,ภาคตะวันออกเฉียงเหนือ,กฟจ.ขอนแก่น,PEA Contact Center,ร้องเรียน,การให้บริการ,การติดต่อและติดตาม,การแจ้งผล,ภายในกำหนด
MOCK-00703,2026-12-03,,รับเรื่อง,2026,12,ภาคกลาง,กฟจ.พระนครศรีอยุธยา,PEA Contact Center,ร้องเรียน,การให้บริการ,การติดต่อและติดตาม,การแจ้งผล,เกินกำหนด
MOCK-00704,2026-12-04,,อยู่ระหว่างดำเนินการ,2026,12,ภาคใต้,กฟจ.สุราษฎร์ธานี,PEA Contact Center,ร้องเรียน,การให้บริการ,การติดต่อและติดตาม,การแจ้งผล,เกินกำหนด
MOCK-00705,2026-12-05,2026-12-27,ปิดคำร้อง,2026,12,สำนักงานใหญ่,ศูนย์บริการสำนักงานใหญ่,PEA Contact Center,ร้องเรียน,การให้บริการ,การติดต่อและติดตาม,การแจ้งผล,ภายในกำหนด
MOCK-00706,2026-12-06,,รับเรื่อง,2026,12,ภาคเหนือ,กฟจ.เชียงราย,PEA Contact Center,ข้อเสนอแนะ/ข้อคิดเห็น,พัฒนาบริการ,การติดต่อและติดตาม,การแจ้งผล,ใกล้ครบกำหนด
MOCK-00707,2026-12-07,,อยู่ระหว่างดำเนินการ,2026,12,ภาคตะวันออกเฉียงเหนือ,กฟจ.อุดรธานี,PEA Contact Center,ข้อเสนอแนะ/ข้อคิดเห็น,พัฒนาบริการ,การติดต่อและติดตาม,การแจ้งผล,ใกล้ครบกำหนด
MOCK-00708,2026-12-08,2027-01-02,ปิดคำร้อง,2026,12,ภาคกลาง,กฟจ.นครปฐม,PEA Smart Plus,ข้อเสนอแนะ/ข้อคิดเห็น,พัฒนาบริการ,การติดต่อและติดตาม,การแจ้งผล,ภายในกำหนด
MOCK-00709,2026-12-09,,รับเรื่อง,2026,12,ภาคใต้,กฟจ.สงขลา,PEA Smart Plus,ข้อเสนอแนะ/ข้อคิดเห็น,พัฒนาบริการ,การติดต่อและติดตาม,การแจ้งผล,ภายในกำหนด
MOCK-00710,2026-12-10,,อยู่ระหว่างดำเนินการ,2026,12,สำนักงานใหญ่,ศูนย์ประสานงานสำนักงานใหญ่,PEA Smart Plus,ข้อเสนอแนะ/ข้อคิดเห็น,พัฒนาบริการ,การติดต่อและติดตาม,การแจ้งผล,ภายในกำหนด
MOCK-00711,2026-12-11,2027-01-08,ปิดคำร้อง,2026,12,ภาคเหนือ,กฟจ.เชียงใหม่,PEA Smart Plus,แจ้งเหตุ,ไฟฟ้าขัดข้อง,การติดต่อและติดตาม,การแจ้งผล,ภายในกำหนด
MOCK-00712,2026-12-12,,รับเรื่อง,2026,12,ภาคตะวันออกเฉียงเหนือ,กฟจ.ขอนแก่น,PEA Smart Plus,แจ้งเหตุ,ไฟฟ้าขัดข้อง,การติดต่อและติดตาม,การแจ้งผล,เกินกำหนด
MOCK-00713,2026-12-13,,อยู่ระหว่างดำเนินการ,2026,12,ภาคกลาง,กฟจ.พระนครศรีอยุธยา,PEA Smart Plus,แจ้งเหตุ,ไฟฟ้าขัดข้อง,การติดต่อและติดตาม,การแจ้งผล,เกินกำหนด
MOCK-00714,2026-12-14,2027-01-14,ปิดคำร้อง,2026,12,ภาคใต้,กฟจ.สุราษฎร์ธานี,PEA Smart Plus,แจ้งเหตุ,ไฟฟ้าขัดข้อง,การติดต่อและติดตาม,การแจ้งผล,เกินกำหนด
MOCK-00715,2026-12-15,,รับเรื่อง,2026,12,สำนักงานใหญ่,ศูนย์บริการสำนักงานใหญ่,สำนักงานการไฟฟ้า,แจ้งเหตุ,ไฟฟ้าขัดข้อง,การติดต่อและติดตาม,การแจ้งผล,ใกล้ครบกำหนด
MOCK-00716,2026-12-16,,อยู่ระหว่างดำเนินการ,2026,12,ภาคเหนือ,กฟจ.เชียงราย,สำนักงานการไฟฟ้า,แจ้งเบาะแส,การใช้ไฟฟ้า,การติดต่อและติดตาม,การแจ้งผล,ใกล้ครบกำหนด
MOCK-00717,2026-12-17,2027-01-20,ปิดคำร้อง,2026,12,ภาคตะวันออกเฉียงเหนือ,กฟจ.อุดรธานี,สำนักงานการไฟฟ้า,แจ้งเบาะแส,การใช้ไฟฟ้า,การติดต่อและติดตาม,การแจ้งผล,เกินกำหนด
MOCK-00718,2026-12-18,,รับเรื่อง,2026,12,ภาคกลาง,กฟจ.นครปฐม,สำนักงานการไฟฟ้า,แจ้งเบาะแส,การใช้ไฟฟ้า,การติดต่อและติดตาม,การแจ้งผล,ภายในกำหนด
MOCK-00719,2026-12-19,,อยู่ระหว่างดำเนินการ,2026,12,ภาคใต้,กฟจ.สงขลา,สำนักงานการไฟฟ้า,แจ้งเบาะแส,การใช้ไฟฟ้า,การติดต่อและติดตาม,การแจ้งผล,ภายในกำหนด
MOCK-00720,2026-12-20,2027-01-26,ปิดคำร้อง,2026,12,สำนักงานใหญ่,ศูนย์ประสานงานสำนักงานใหญ่,สำนักงานการไฟฟ้า,แจ้งเบาะแส,การใช้ไฟฟ้า,การติดต่อและติดตาม,การแจ้งผล,เกินกำหนด
